GI_Accession,mRNA accession,Gene symbol,Protein Name,Fold change (72h) ,Fold change (96h)
gi|4885543,NM_005390,PDHA2,pyruvate dehydrogenase (lipoamide) alpha 2 ,2.24,1.21
gi|4506741,NM_001011,RPS7,ribosomal protein S7 ,2.21,1.40
gi|4826878,NM_005109,OXSR1,oxidative-stress responsive 1 ,2.16,1.69
gi|21359945,NM_022346,NCAPG,chromosome condensation protein G ,2.14,1.63
gi|31543140,NM_031941,USHBP1,Usher syndrome 1C binding protein 1 ,1.91,1.41
gi|63252888,NM_001017962,P4HA1,"prolyl 4-hydroxylase, alpha I subunit isoform 2 precursor ",1.78,1.26
gi|40548408,NM_199205,KIAA1967,p30 DBC protein ,1.74,1.32
gi|21735598,NM_145341,PDCD4,programmed cell death 4 isoform 2 ,1.73,1.71
gi|38202214,NM_006364,SEC23A,SEC23-related protein A ,1.71,1.61
gi|89026818,XM_935700,RPL21,PREDICTED: similar to 60S ribosomal protein L21 ,1.63,1.35
gi|24431935,NM_020532,RTN4,reticulon 4 isoform A ,1.62,1.33
gi|4759046,NM_004875,POLR1C,RNA polymerase I subunit isoform 2 ,1.59,1.42
gi|50658065,NM_005496,SMC4,SMC4 structural maintenance of chromosomes 4-like 1 ,1.59,1.64
gi|10835025,NM_021074,NDUFV2,"NADH dehydrogenase (ubiquinone) flavoprotein 2, 24kDa ",1.58,1.33
gi|73427803,NM_001031803,LLGL2,lethal giant larvae homolog 2 isoform c ,1.58,1.27
gi|89886460,NM_022489,INF2,hypothetical protein LOC64423 isoform 2 ,1.57,1.39
gi|5174449,NM_006026,H1FX,"H1 histone family, member X ",1.56,1.21
gi|4505891,NM_001084,PLOD3,"procollagen-lysine, 2-oxoglutarate 5-dioxygenase 3 precursor ",1.55,1.70
gi|34452703,NM_183356,ASNS,asparagine synthetase ,1.55,1.22
gi|24586675,NM_017857,SSH3,slingshot homolog 3 ,1.55,1.24
gi|40254924,NM_018509,LRRC59,leucine rich repeat containing 59 ,1.54,1.21
gi|24308295,NM_025196,GRPEL1,"GrpE-like 1, mitochondrial ",1.54,1.22
gi|4758256,NM_004094,EIF2S1,"eukaryotic translation initiation factor 2, subunit 1 alpha, 35kDa ",1.53,1.39
gi|4885381,NM_005322,HIST1H1B,"histone cluster 1, H1b ",1.53,1.21
gi|4504251,NM_003516,HIST2H2AA3,"H2A histone family, member O ",1.51,1.36
gi|31543191,NM_032333,C10orf58,hypothetical protein LOC84293 ,1.47,1.33
gi|83700235,NM_001967,EIF4A2,eukaryotic translation initiation factor 4A2 ,1.46,2.22
gi|4502989,NM_001865,COX7A2,cytochrome c oxidase subunit VIIa polypeptide 2 (liver) precursor ,1.44,1.26
gi|22538467,NM_002796,PSMB4,proteasome beta 4 subunit ,1.41,1.33
gi|4758986,NM_004218,RAB11B,"RAB11B, member RAS oncogene family ",1.39,1.23
gi|21361437,NM_014500,HTATSF1,HIV TAT specific factor 1 ,1.39,1.55
gi|38569466,NM_005156,ROD1,ROD1 regulator of differentiation 1 ,1.38,1.30
gi|19743937,NM_017895,DDX27,DEAD (Asp-Glu-Ala-Asp) box polypeptide 27 ,1.38,1.91
gi|4505021,NM_002337,LRPAP1,low density lipoprotein receptor-related protein associated protein 1 ,1.37,1.20
gi|113427599,XM_001132178,LOC732198,PREDICTED: hypothetical protein ,1.37,1.27
gi|7549793,NM_012453,TBL2,transducin (beta)-like 2 ,1.36,1.23
gi|113427343,XM_001131249,LOC731916,PREDICTED: similar to ribosomal protein L34 ,1.35,1.30
gi|40288290,NM_004669,CLIC3,chloride intracellular channel 3 ,1.35,2.03
gi|4758876,NM_004643,PABPN1,"poly(A) binding protein, nuclear 1 ",1.35,1.31
gi|48255924,NM_021075,NDUFV3,NADH-ubiquinone oxidoreductase flavoprotein 3 isoform a precursor ,1.34,1.28
gi|30240932,NM_006795,EHD1,EH-domain containing 1 ,1.32,1.40
gi|41350320,NM_201222,MAGED2,"melanoma antigen family D, 2 ",1.32,1.23
gi|117938759,NM_080425,GNAS,GNAS complex locus isoform c ,1.31,1.37
gi|6912482,NM_012318,LETM1,leucine zipper-EF-hand containing transmembrane protein 1 ,1.31,1.20
gi|9845511,NM_006908,RAC1,ras-related C3 botulinum toxin substrate 1 isoform Rac1 ,1.31,1.21
gi|4507869,NM_003370,VASP,vasodilator-stimulated phosphoprotein isoform 1 ,1.30,1.23
gi|7242140,NM_006660,CLPX,ClpX caseinolytic protease X homolog ,1.30,1.41
gi|55741709,NM_021239,RBM25,RNA binding motif protein 25 ,1.28,1.22
gi|12408677,NM_002623,PFDN4,prefoldin subunit 4 ,1.27,1.25
gi|62198241,NM_001014433,CUTA,cutA divalent cation tolerance homolog isoform 1 ,1.27,1.42
gi|5174663,NM_005980,S100P,S100 calcium binding protein P ,1.27,1.34
gi|20336752,NM_138720,HIST1H2BD,"H2B histone family, member B ",1.27,1.27
gi|32171175,NM_003910,BUD31,G10 protein ,1.27,1.76
gi|5031691,NM_004649,C21orf33,es1 protein isoform Ia precursor ,1.26,1.26
gi|63055043,NM_198536,UNQ501,hypothetical protein LOC374882 ,1.26,1.22
gi|33457348,NM_019107,C19orf10,chromosome 19 open reading frame 10 ,1.25,2.53
gi|116284396,NM_001077186,MYH14,"myosin, heavy chain 14 isoform 1 ",1.25,1.23
gi|6912352,NM_012199,EIF2C1,"eukaryotic translation initiation factor 2C, 1 ",1.25,1.23
gi|9910542,NM_020150,SAR1A,SAR1a gene homolog 1 ,1.24,1.27
gi|7705925,NM_016286,DCXR,dicarbonyl/L-xylulose reductase ,1.24,1.32
gi|6912398,NM_012086,GTF3C3,"general transcription factor IIIC, polypeptide 3, 102kDa ",1.24,1.34
gi|4557395,NM_000067,CA2,carbonic anhydrase II ,1.23,1.22
gi|45827771,NM_014329,EDC4,autoantigen RCD8 ,1.23,1.29
gi|33469919,NM_005914,MCM4,minichromosome maintenance protein 4 ,1.23,1.24
gi|34147540,NM_138439,LOC114984,hypothetical protein LOC114984 ,1.21,1.21
gi|17402900,NM_003902,FUBP1,far upstream element-binding protein ,1.21,1.43
gi|45504382,NM_025219,DNAJC5,"DnaJ (Hsp40) homolog, subfamily C, member 5 ",1.20,1.35
gi|4504981,NM_002305,LGALS1,beta-galactoside-binding lectin precursor ,1.20,1.36
gi|33859833,NM_020123,TM9SF3,transmembrane 9 superfamily member 3 ,2.92,0.96
gi|62912457,NM_001017423,ALDH18A1,pyrroline-5-carboxylate synthetase isoform 2 ,2.80,1.15
gi|13236516,NM_024295,DERL1,"Der1-like domain family, member 1 ",2.49,1.04
gi|89035017,XM_940585,LOC646195,PREDICTED: similar to 40S ribosomal protein S28 isoform 2 ,2.33,1.17
gi|5174749,NM_006005,WFS1,wolframin ,2.15,0.72
gi|7661598,NM_015535,LOC26010,hypothetical protein LOC26010 ,2.13,0.79
gi|30795231,NM_006317,BASP1,"brain abundant, membrane attached signal protein 1 ",2.12,0.91
gi|14150139,NM_032345,WIBG,within bgcn homolog ,2.08,1.07
gi|6912586,NM_012088,PGLS,6-phosphogluconolactonase ,1.94,0.95
gi|88998889,XM_938111,LOC643936,PREDICTED: hypothetical protein ,1.93,0.85
gi|5174529,NM_005911,MAT2A,"methionine adenosyltransferase II, alpha ",1.87,1.17
gi|25777602,NM_002808,PSMD2,proteasome 26S non-ATPase subunit 2 ,1.83,1.04
gi|5031573,NM_005721,ACTR3,ARP3 actin-related protein 3 homolog ,1.81,0.85
gi|116812600,NM_006645,STARD10,START domain containing 10 ,1.81,1.17
gi|24308271,NM_021227,DC2,DC2 protein ,1.78,0.79
gi|5454158,NM_006295,VARS,valyl-tRNA synthetase ,1.71,0.91
gi|4885379,NM_005321,HIST1H1E,"histone cluster 1, H1e ",1.71,1.12
gi|5902102,NM_006938,SNRPD1,small nuclear ribonucleoprotein D1 polypeptide 16kDa ,1.68,1.06
gi|7705632,NM_016068,FIS1,tetratricopeptide repeat domain 11 ,1.62,1.14
gi|57242766,NM_175884,FLJ36031,hypothetical protein LOC168455 ,1.60,0.71
gi|56181387,NM_005861,STUB1,STIP1 homology and U-box containing protein 1 ,1.60,0.97
gi|4503377,NM_001386,DPYSL2,dihydropyrimidinase-like 2 ,1.59,1.03
gi|27262649,NM_148414,ATXN2L,ataxin 2 related protein isoform C ,1.57,0.97
gi|20070228,NM_006184,NUCB1,nucleobindin 1 ,1.57,1.06
gi|7661734,NM_014026,DCPS,mRNA decapping enzyme ,1.56,0.89
gi|88955151,XM_941786,LOC647153,PREDICTED: similar to voltage-dependent anion channel 2 ,1.55,1.17
gi|89026256,XM_936251,LOC653888,PREDICTED: similar to Actin-related protein 2/3 complex subunit 1B (ARP2/3 complex 41 kDa subunit) (p41-ARC) ,1.54,1.05
gi|87196351,NM_001356,DDX3X,DEAD/H (Asp-Glu-Ala-Asp/His) box polypeptide 3 ,1.54,0.91
gi|5453854,NM_006196,PCBP1,poly(rC) binding protein 1 ,1.54,1.18
gi|62241015,NM_001014432,AKT1,v-akt murine thymoma viral oncogene homolog 1 ,1.53,1.15
gi|27436901,NM_002949,MRPL12,mitochondrial ribosomal protein L12 ,1.52,0.94
gi|13376617,NM_025072,PTGES2,prostaglandin E synthase 2 isoform 1 ,1.51,0.87
gi|4502303,NM_001697,ATP5O,"mitochondrial ATP synthase, O subunit precursor ",1.50,1.07
gi|55770888,NM_003566,EEA1,"early endosome antigen 1, 162kD ",1.49,0.83
gi|4502599,NM_001757,CBR1,carbonyl reductase 1 ,1.49,1.13
gi|7427519,NM_005915,MCM6,minichromosome maintenance deficient 6 ,1.49,1.08
gi|20357556,NM_138565,CTTN,cortactin isoform b ,1.48,1.00
gi|51479156,NM_006476,ATP5L,"ATP synthase, H+ transporting, mitochondrial F0 complex, subunit G ",1.46,1.08
gi|4826760,NM_004966,HNRPF,heterogeneous nuclear ribonucleoprotein F ,1.45,1.15
gi|33620751,NM_016297,PCYOX1,prenylcysteine oxidase 1 ,1.45,0.96
gi|5803227,NM_006826,YWHAQ,"tyrosine 3/tryptophan 5 -monooxygenase activation protein, theta polypeptide ",1.45,0.96
gi|6005872,NM_007214,SEC63,SEC63-like protein ,1.45,1.10
gi|56090139,NM_001007565,TFG,TRK-fused ,1.44,0.89
gi|70608174,NM_001025253,TPD52,tumor protein D52 isoform 2 ,1.44,0.93
gi|116256483,NM_006077,CBARA1,calcium binding atopy-related autoantigen 1 ,1.43,1.14
gi|8051631,NM_016732,RALY,"RNA binding protein (autoantigenic, hnRNP-associated with lethal yellow) long isoform ",1.43,0.88
gi|7669550,NM_014000,VCL,vinculin isoform meta-VCL ,1.43,1.09
gi|5803149,NM_006815,TMED2,coated vesicle membrane protein ,1.42,0.96
gi|4502551,NM_001219,CALU,calumenin precursor ,1.41,1.06
gi|10863977,NM_021177,LSM2,"LSM2 homolog, U6 small nuclear RNA associated ",1.40,0.75
gi|5031753,NM_005520,HNRPH1,heterogeneous nuclear ribonucleoprotein H1 ,1.38,1.07
gi|11079228,NM_006178,NSF,N-ethylmaleimide-sensitive factor ,1.38,0.92
gi|4506407,NM_002882,RANBP1,RAN binding protein 1 ,1.38,1.08
gi|17402912,NM_057180,VPS29,vacuolar protein sorting 29 isoform 2 ,1.38,0.96
gi|40805870,NM_199363,TPD52L2,tumor protein D52-like 2 isoform d ,1.37,1.00
gi|13491174,NM_023009,MARCKSL1,MARCKS-like 1 ,1.37,0.98
gi|113414953,XM_001133673,-,PREDICTED: similar to Beta-catenin ,1.37,0.94
gi|5174735,NM_006088,TUBB2C,"tubulin, beta, 2 ",1.36,1.05
gi|4758648,NM_004521,KIF5B,kinesin family member 5B ,1.36,0.98
gi|67782311,NM_006929,SKIV2L,superkiller viralicidic activity 2-like homolog ,1.35,1.13
gi|9910352,NM_020145,SH3GLB2,SH3-containing protein SH3GLB2 ,1.35,1.04
gi|17999539,NM_014003,DHX38,DEAH (Asp-Glu-Ala-His) box polypeptide 38 ,1.35,1.12
gi|62460635,NM_001014842,TM9SF1,transmembrane 9 superfamily member 1 isoform b ,1.34,0.89
gi|4503659,NM_001997,FAU,ubiquitin-like protein fubi and ribosomal protein S30 precursor ,1.34,0.98
gi|7657649,NM_014547,TMOD3,tropomodulin 3 (ubiquitous) ,1.34,1.09
gi|108773784,NM_001040876,-,"ATP-binding cassette, sub-family E, member 1 ",1.34,1.19
gi|71773415,NM_004033,ANXA6,annexin VI isoform 2 ,1.33,0.89
gi|110556636,NM_033396,TNKS1BP1,tankyrase 1-binding protein 1 ,1.32,1.01
gi|15150811,NM_033281,MRPS36,mitochondrial ribosomal protein S36 ,1.32,1.15
gi|5453880,NM_006305,ANP32A,"acidic (leucine-rich) nuclear phosphoprotein 32 family, member A ",1.32,1.05
gi|7657455,NM_014303,PES1,"pescadillo homolog 1, containing BRCT domain ",1.32,1.13
gi|4505749,NM_000289,PFKM,"phosphofructokinase, muscle ",1.31,0.95
gi|45827731,NM_182706,SCRIB,scribble isoform a ,1.31,1.05
gi|63162572,NM_005998,CCT3,"chaperonin containing TCP1, subunit 3 isoform a ",1.31,1.03
gi|122939155,NM_012343,NNT,nicotinamide nucleotide transhydrogenase ,1.31,1.11
gi|21614499,NM_003379,VIL2,villin 2 ,1.31,1.05
gi|4504035,NM_003875,GMPS,guanine monophosphate synthetase ,1.30,0.97
gi|13569879,NM_030920,ANP32E,"acidic (leucine-rich) nuclear phosphoprotein 32 family, member E ",1.30,1.00
gi|68799814,NM_001025205,AP2M1,"adaptor-related protein complex 2, mu 1 subunit isoform b ",1.30,0.93
gi|7656952,NM_014412,CACYBP,calcyclin binding protein isoform 1 ,1.30,1.17
gi|5174743,NM_006003,UQCRFS1,"ubiquinol-cytochrome c reductase, Rieske iron-sulfur polypeptide 1 ",1.30,1.01
gi|4504277,NM_003528,HIST2H2BE,"H2B histone family, member Q ",1.30,1.15
gi|9910460,NM_020202,NIT2,"nitrilase family, member 2 ",1.30,1.16
gi|38679888,NM_198896,-,"RAB6A, member RAS oncogene family isoform b ",1.30,0.71
gi|6552328,NM_007326,CYB5R3,cytochrome b5 reductase isoform 2 ,1.30,0.99
gi|4885371,NM_005318,H1F0,"H1 histone family, member 0 ",1.29,1.12
gi|63055049,NM_018290,PGM2,phosphoglucomutase 2 ,1.29,1.15
gi|47132575,NM_212461,PRKAG1,"AMP-activated protein kinase, noncatalytic gamma-1 subunit isoform 2 ",1.29,1.15
gi|56549123,NM_001005361,DNM2,dynamin 2 isoform 2 ,1.29,1.04
gi|4757732,NM_004208,PDCD8,programmed cell death 8 isoform 1 ,1.29,1.15
gi|4758356,NM_004111,FEN1,flap structure-specific endonuclease 1 ,1.29,1.07
gi|9506797,NM_005498,AP1M2,"adaptor-related protein complex 1, mu 2 subunit ",1.29,1.11
gi|4759212,NM_004607,TBCA,tubulin-specific chaperone a ,1.29,0.87
gi|5031715,NM_005716,GIPC1,regulator of G-protein signalling 19 interacting protein 1 isoform 1 ,1.28,1.11
gi|15718687,NM_001005,RPS3,ribosomal protein S3 ,1.28,0.94
gi|7705373,NM_016357,LIMA1,epithelial protein lost in neoplasm beta ,1.28,1.13
gi|5453599,NM_006136,CAPZA2,"capping protein (actin filament) muscle Z-line, alpha 2 ",1.27,1.02
gi|113413655,XM_001127881,-,PREDICTED: similar to filaggrin ,1.27,1.02
gi|4826686,NM_004939,DDX1,DEAD (Asp-Glu-Ala-Asp) box polypeptide 1 ,1.27,0.96
gi|89026739,XM_935755,-,PREDICTED: similar to 60S ribosomal protein L32 ,1.27,1.10
gi|4506743,NM_001012,RPS8,ribosomal protein S8 ,1.27,1.18
gi|4504865,NM_003685,KHSRP,KH-type splicing regulatory protein (FUSE binding protein 2) ,1.27,0.95
gi|66529396,NM_001018161,PON2,paraoxonase 2 isoform 2 ,1.26,0.99
gi|25453474,NM_032378,EEF1D,eukaryotic translation elongation factor 1 delta isoform 1 ,1.26,0.94
gi|124378039,NM_014866,SEC16A,hypothetical protein LOC9919 ,1.26,1.11
gi|23618867,NM_022754,SFXN1,sideroflexin 1 ,1.26,1.14
gi|21361370,NM_002862,PYGB,brain glycogen phosphorylase ,1.26,0.97
gi|4504445,NM_002136,HNRPA1,heterogeneous nuclear ribonucleoprotein A1 isoform a ,1.26,1.05
gi|4885399,NM_005445,SMC3,structural maintenance of chromosomes 3 ,1.26,1.19
gi|5031741,NM_005880,DNAJA2,DnaJ subfamily A member 2 ,1.26,1.06
gi|94538322,NM_005326,HAGH,hydroxyacyl glutathione hydrolase isoform 1 ,1.25,1.12
gi|5803092,NM_006838,METAP2,methionyl aminopeptidase 2 ,1.25,0.73
gi|47271443,NM_003016,SFRS2,"splicing factor, arginine/serine-rich 2 ",1.25,0.99
gi|109689718,NM_001042472,ABHD12,abhydrolase domain containing 12 isoform a ,1.25,1.06
gi|10835023,NM_002222,ITPR1,"inositol 1,4,5-triphosphate receptor, type 1 ",1.25,1.02
gi|4506203,NM_002799,PSMB7,proteasome beta 7 subunit proprotein ,1.24,1.14
gi|14141168,NM_005016,PCBP2,poly(rC)-binding protein 2 isoform a ,1.24,1.04
gi|16579888,NM_000507,FBP1,"fructose-1,6-bisphosphatase 1 ",1.24,1.13
gi|9506365,NM_019112,ABC1,"ATP-binding cassette, sub-family A, member 7 isoform a ",1.24,1.05
gi|62739173,NM_001015885,RAE1,"RAE1 (RNA export 1, S.pombe) homolog ",1.24,0.91
gi|41352061,NM_014889,PITRM1,metalloprotease 1 ,1.24,0.98
gi|4506649,NM_000967,RPL3,ribosomal protein L3 isoform a ,1.23,0.97
gi|45387945,NM_020728,FAM62B,family with sequence similarity 62 (C2 domain containing) member B ,1.23,0.83
gi|4757926,NM_004902,RBM39,RNA binding motif protein 39 isoform b ,1.23,1.17
gi|88987619,XM_938790,-,PREDICTED: similar to 60S ribosomal protein L29 (Cell surface heparin-binding protein HIP) ,1.23,1.17
gi|47519639,NM_002375,MAP4,microtubule-associated protein 4 isoform 1 ,1.23,1.06
gi|47155554,NM_024663,NPEPL1,aminopeptidase-like 1 ,1.23,1.12
gi|56118310,NM_022731,NUCKS1,nuclear ubiquitous casein kinase and cyclin-dependent kinase substrate ,1.23,1.19
gi|41393608,NM_201428,RTN3,reticulon 3 isoform b ,1.23,1.13
gi|58761500,NM_013341,PTD004,GTP-binding protein PTD004 isoform 1 ,1.23,0.99
gi|96304457,NM_001040649,ACP1,acid phosphatase 1 isoform d ,1.23,1.14
gi|57013276,NM_006082,K-ALPHA-1,"tubulin, alpha, ubiquitous ",1.23,1.15
gi|6005860,NM_007209,RPL35,ribosomal protein L35 ,1.23,1.14
gi|4758516,NM_004494,HDGF,hepatoma-derived growth factor (high-mobility group protein 1-like) ,1.23,1.09
gi|13904866,NM_000991,RPL28,ribosomal protein L28 ,1.22,1.00
gi|73760405,NM_001032283,TMPO,thymopoietin isoform beta ,1.22,1.07
gi|4502009,NM_003977,AIP,aryl hydrocarbon receptor interacting protein ,1.22,1.09
gi|11095441,NM_005589,ALDH6A1,aldehyde dehydrogenase 6A1 precursor ,1.22,1.17
gi|4885225,NM_005243,EWSR1,Ewing sarcoma breakpoint region 1 isoform EWS ,1.22,0.59
gi|4506701,NM_001025,RPS23,ribosomal protein S23 ,1.22,0.91
gi|98986445,NM_004363,CEACAM5,carcinoembryonic antigen-related cell adhesion molecule 5 preproprotein ,1.21,1.05
gi|16753233,NM_006289,TLN1,talin 1 ,1.21,1.02
gi|88951284,XM_943868,-,PREDICTED: similar to 60S ribosomal protein L7 isoform 2 ,1.21,1.15
gi|40806190,NM_199203,Kua-UEV,ubiquitin-conjugating enzyme E2 Kua-UEV isoform 1 ,1.21,1.10
gi|113420438,XM_001129643,LOC729696,PREDICTED: hypothetical protein ,1.21,1.06
gi|5031887,NM_005578,LPP,LIM domain containing preferred translocation partner in lipoma ,1.21,1.05
gi|67944630,NM_001024921,RPL9,ribosomal protein L9 ,1.21,1.19
gi|4507947,NM_003680,YARS,tyrosyl-tRNA synthetase ,1.21,0.95
gi|78000183,NM_001034996,RPL14,ribosomal protein L14 ,1.21,1.18
gi|4506613,NM_000983,RPL22,ribosomal protein L22 proprotein ,1.21,0.90
gi|4507125,NM_003091,-,small nuclear ribonucleoprotein polypeptide B/B' isoform B ,1.21,1.02
gi|20162550,NM_138689,PPP1R14B,protein phosphatase 1 regulatory subunit 14B ,1.21,1.00
gi|45446747,NM_203499,DDX42,DEAD box polypeptide 42 protein ,1.20,0.66
gi|88983788,XM_928885,-,PREDICTED: similar to RAS related protein 1b ,1.20,1.19
gi|7705706,NM_015920,RPS27L,ribosomal protein S27-like ,1.20,0.96
gi|113430765,XM_001129341,-,PREDICTED: similar to Bcl-2-associated transcription factor 1 (Btf) ,1.20,1.00
gi|66346685,NM_015640,SERBP1,SERPINE1 mRNA binding protein 1 isoform 4 ,1.20,1.13
gi|4506633,NM_000993,RPL31,ribosomal protein L31 ,1.20,0.90
gi|5730041,NM_006704,SUGT1,suppressor of G2 allele of SKP1 ,1.20,1.35
gi|88963266,XM_291054,LOC339879,"PREDICTED: similar to beta-1,4-mannosyltransferase ",1.20,1.30
gi|21956645,NM_145808,MTPN,myotrophin ,1.19,1.26
gi|6005995,NM_007097,CLTB,"clathrin, light polypeptide isoform b ",1.18,1.87
gi|5729730,NM_006595,API5,apoptosis inhibitor 5 ,1.17,1.51
gi|7706425,NM_016200,LSM8,U6 snRNA-associated Sm-like protein LSm8 ,1.17,1.28
gi|111154074,NM_173496,MPP7,palmitoylated membrane protein 7 ,1.17,1.22
gi|5729732,NM_006628,ARPP-19,"cyclic AMP phosphoprotein, 19 kD ",1.16,1.26
gi|4506631,NM_000989,RPL30,ribosomal protein L30 ,1.16,1.29
gi|24308043,NM_015328,KIAA0828,adenosylhomocysteinase 3 ,1.14,1.22
gi|33695117,NM_006034,TP53I11,p53-induced protein ,1.12,1.45
gi|41281437,NM_014669,NUP93,nucleoporin 93kDa ,1.12,1.27
gi|56676330,NM_016287,HP1BP3,HP1-BP74 ,1.12,1.28
gi|28195394,NM_175065,HIST2H2AB,histone H2A ,1.12,1.27
gi|89042710,XM_937685,-,PREDICTED: similar to 60S ribosomal protein L29 (Cell surface heparin-binding protein HIP) ,1.12,1.22
gi|4503029,NM_001878,CRABP2,cellular retinoic acid binding protein 2 ,1.11,1.37
gi|13375646,NM_024509,LRFN3,leucine rich repeat and fibronectin type III domain containing 3 ,1.11,1.23
gi|4504167,NM_002094,GSPT1,G1 to S phase transition 1 ,1.11,1.27
gi|31377800,NM_004600,TROVE2,60kD Ro/SSA autoantigen isoform 2 ,1.10,1.57
gi|4506643,NM_000998,RPL37A,ribosomal protein L37a ,1.10,1.29
gi|7662238,NM_014977,ACIN1,apoptotic chromatin condensation inducer 1 ,1.10,1.30
gi|4505541,NM_003715,VDP,vesicle docking protein p115 ,1.09,1.26
gi|63253298,NM_003132,SRM,spermidine synthase ,1.09,2.30
gi|12056473,NM_018946,NANS,N-acetylneuraminic acid phosphate synthase ,1.09,1.51
gi|18860916,NM_012255,XRN2,5'-3' exoribonuclease 2 ,1.08,1.35
gi|57164942,NM_001008938,CKAP5,colonic and hepatic tumor over-expressed protein isoform a ,1.06,2.05
gi|4557553,NM_000117,EMD,emerin ,1.06,1.28
gi|9910242,NM_020198,CCDC47,coiled-coil domain containing 47 ,1.05,1.48
gi|33356547,NM_004526,MCM2,minichromosome maintenance protein 2 ,1.05,1.21
gi|34452732,NM_020820,PREX1,PREX1 protein ,1.03,1.63
gi|11863154,NM_001655,ARCN1,archain ,1.03,1.27
gi|68160937,NM_005082,TRIM25,tripartite motif-containing 25 ,1.03,1.23
gi|113424287,XM_001129879,LOC729535,PREDICTED: similar to Protein C21orf70 homolog ,1.02,1.38
gi|4885375,NM_005319,HIST1H1C,"histone cluster 1, H1c ",1.01,1.21
gi|24638433,NM_015331,NCSTN,nicastrin precursor ,1.01,1.27
gi|24415383,NM_014389,PELP1,"proline-, glutamic acid-, leucine-rich protein 1 ",1.01,1.21
gi|14150149,NM_032350,MGC11257,hypothetical protein LOC84310 ,1.00,1.21
gi|4757804,NM_004045,ATOX1,antioxidant protein 1 ,0.99,1.29
gi|113425437,XM_927071,-,PREDICTED: similar to Nonhistone chromosomal protein HMG-14 (High-mobility group nucleosome-binding domain-containing protein 1) ,0.97,1.21
gi|5729718,NM_006670,TPBG,5T4 oncofetal trophoblast glycoprotein ,0.97,1.23
gi|11321634,NM_012120,CD2AP,CD2-associated protein ,0.96,1.26
gi|13128992,NM_024038,C19orf43,hypothetical protein MGC2803 ,0.96,1.33
gi|8051579,NM_013410,AK3L1,adenylate kinase 3-like 1 isoform 6 ,0.96,1.22
gi|5453539,NM_006452,PAICS,"phosphoribosylaminoimidazole carboxylase, phosphoribosylaminoimidazole succinocarboxamide synthetase isoform 2 ",0.95,1.21
gi|16905517,NM_054016,FUSIP1,FUS interacting protein (serine-arginine rich) 1 isoform 2 ,0.95,1.32
gi|116805340,NM_002047,GARS,glycyl-tRNA synthetase ,0.95,1.24
gi|111118981,NM_024417,FDXR,ferredoxin reductase isoform 1 precursor ,0.94,1.45
gi|16117791,NM_000996,RPL35A,ribosomal protein L35a ,0.93,1.26
gi|33457308,NM_182547,TMED4,transmembrane emp24 protein transport domain containing 4 ,0.93,1.22
gi|18375634,NM_004639,BAT3,HLA-B associated transcript-3 isoform a ,0.93,1.21
gi|4503291,NM_001355,DDT,D-dopachrome tautomerase ,0.91,1.42
gi|42716275,NM_016284,CNOT1,"CCR4-NOT transcription complex, subunit 1 isoform a ",0.91,1.44
gi|45827806,NM_015459,DKFZP564J0863,hypothetical protein LOC25923 ,0.91,1.24
gi|38201710,NM_006386,DDX17,DEAD box polypeptide 17 isoform p82 ,0.88,1.26
gi|42542379,NM_005839,SRRM1,serine/arginine repetitive matrix 1 ,0.88,1.25
gi|38569482,NM_020775,KIAA1324,hypothetical protein LOC57535 ,0.88,1.24
gi|4506597,NM_000976,RPL12,ribosomal protein L12 ,0.87,1.24
gi|24308005,NM_015138,RTF1,Paf1/RNA polymerase II complex component ,0.87,1.25
gi|44771198,NM_005788,PRMT3,HMT1 hnRNP methyltransferase-like 3 ,0.86,1.32
gi|22001417,NM_015465,GEMIN5,gemin 5 ,0.85,1.23
gi|5454024,NM_006413,RPP30,ribonuclease P (30kD) ,0.84,1.22
gi|66346721,NM_004563,PCK2,mitochondrial phosphoenolpyruvate carboxykinase 2 isoform 1 precursor ,0.84,1.30
gi|4503301,NM_001359,DECR1,"2,4-dienoyl CoA reductase 1 precursor ",0.83,1.27
gi|19913408,NM_001068,TOP2B,"DNA topoisomerase II, beta isozyme ",0.82,1.31
gi|94557308,NM_005327,HADHSC,L-3-hydroxyacyl-Coenzyme A dehydrogenase precursor ,0.81,1.38
gi|58761546,NM_015013,AOF2,amine oxidase (flavin containing) domain 2 isoform b ,0.81,1.83
gi|118601081,NM_001079559,HNRNPUL2,heterogeneous nuclear ribonucleoprotein U-like 2 ,0.80,1.23
gi|19923796,NM_015938,NMD3,NMD3 homolog ,0.75,1.48
gi|4504707,NM_003866,INPP4B,"inositol polyphosphate-4-phosphatase, type II, 105kD ",0.74,1.83
gi|13775200,NM_031287,SF3B5,SF3b10 ,0.72,1.24
gi|11125770,NM_006303,JTV1,JTV1 ,0.71,1.45
gi|5031981,NM_005805,PSMD14,26S proteasome-associated pad1 homolog ,0.69,1.36
gi|66277202,NM_001018111,PODXL,podocalyxin-like precursor isoform 1 ,0.63,1.29
gi|7657315,NM_014463,LSM3,Lsm3 protein ,0.60,1.22
gi|33286446,NM_007346,OGFR,opioid growth factor receptor ,0.58,1.50
gi|5803115,NM_006839,IMMT,"inner membrane protein, mitochondrial ",0.35,1.28
gi|7657176,NM_014255,TMEM4,transmembrane protein 4 ,1.20,1.15
gi|12751493,NM_023078,PYCRL,pyrroline-5-carboxylate reductase-like ,1.20,1.15
gi|89031521,XM_926071,-,PREDICTED: similar to eukaryotic translation initiation factor 5A ,1.20,1.17
gi|114155142,NM_003292,TPR,nuclear pore complex-associated protein TPR ,1.19,1.03
gi|52632383,NM_001533,HNRPL,heterogeneous nuclear ribonucleoprotein L isoform a ,1.19,1.05
gi|13994151,NM_020992,PDLIM1,PDZ and LIM domain 1 (elfin) ,1.19,1.09
gi|11024700,NM_012458,TIMM13,translocase of inner mitochondrial membrane 13 ,1.19,0.77
gi|4502099,NM_001152,SLC25A5,"solute carrier family 25, member 5 ",1.19,1.01
gi|4506671,NM_001004,RPLP2,ribosomal protein P2 ,1.19,1.04
gi|4503539,NM_001418,EIF4G2,"eukaryotic translation initiation factor 4 gamma, 2 isoform 1 ",1.19,0.80
gi|11321591,NM_002129,HMGB2,high-mobility group box 2 ,1.19,1.11
gi|4506761,NM_002966,S100A10,S100 calcium binding protein A10 ,1.19,1.14
gi|4758988,NM_004161,RAB1A,"RAB1A, member RAS oncogene family ",1.19,1.03
gi|55749758,NM_173602,DIP2B,DIP2 disco-interacting protein 2 homolog B ,1.18,0.98
gi|71772415,NM_001030009,RPS15A,ribosomal protein S15a ,1.18,1.16
gi|6996007,NM_012063,DNM1L,dynamin 1-like protein isoform 2 ,1.18,1.09
gi|62750354,NM_199189,MATR3,matrin 3 ,1.18,0.99
gi|4507231,NM_003143,SSBP1,single-stranded DNA binding protein 1 ,1.18,1.12
gi|19913416,NM_130787,AP2A1,"adaptor-related protein complex 2, alpha 1 subunit isoform 2 ",1.18,1.03
gi|119220605,NM_005153,USP10,ubiquitin specific protease 10 ,1.18,1.02
gi|4506975,NM_001046,SLC12A2,"solute carrier family 12 (sodium/potassium/chloride transporters), member 2 ",1.17,1.15
gi|38201627,NM_198244,EIF4G1,"eukaryotic translation initiation factor 4 gamma, 1 isoform 2 ",1.17,1.06
gi|118766350,NM_030925,CAB39L,calcium binding protein 39-like ,1.17,0.74
gi|4506243,NM_002819,PTBP1,polypyrimidine tract-binding protein 1 isoform a ,1.17,0.97
gi|103472005,NM_002417,MKI67,antigen identified by monoclonal antibody Ki-67 ,1.17,1.00
gi|7706322,NM_016039,C14orf166,homeobox prox 1 ,1.17,0.73
gi|89040600,XM_942222,-,PREDICTED: similar to ribosomal protein L7-like 1 ,1.17,0.91
gi|4757774,NM_004311,ARL3,ADP-ribosylation factor-like 3 ,1.17,0.98
gi|42794775,NM_022085,TXNDC5,thioredoxin domain containing 5 isoform 2 ,1.17,1.04
gi|4505587,NM_002573,PAFAH1B3,"platelet-activating factor acetylhydrolase, isoform Ib, gamma subunit 29kDa ",1.17,1.05
gi|70166852,NM_001111,ADAR,"adenosine deaminase, RNA-specific isoform a ",1.17,1.12
gi|111118983,NM_004110,FDXR,ferredoxin reductase isoform 2 precursor ,1.17,0.91
gi|48928058,NM_006936,SUMO3,small ubiquitin-like modifier protein 3 ,1.16,1.04
gi|55749804,NM_024896,KIAA1815,hypothetical protein LOC79956 ,1.16,1.14
gi|47519675,NM_030884,MAP4,microtubule-associated protein 4 isoform 2 ,1.16,1.15
gi|5453956,NM_006246,PPP2R5E,"epsilon isoform of regulatory subunit B56, protein phosphatase 2A ",1.16,0.85
gi|6631095,NM_002388,MCM3,minichromosome maintenance protein 3 ,1.16,0.97
gi|88947627,XM_944490,-,PREDICTED: similar to Signal peptidase complex subunit 2 (Microsomal signal peptidase 25 kDa subunit) (SPase 25 kDa subunit) isoform 4 ,1.16,1.11
gi|11321601,NM_002627,PFKP,"phosphofructokinase, platelet ",1.16,0.96
gi|4506183,NM_002788,PSMA3,proteasome alpha 3 subunit isoform 1 ,1.16,1.19
gi|30410792,NM_002818,PSME2,proteasome activator subunit 2 ,1.16,1.04
gi|17933772,NM_080388,S100A16,S100 calcium binding protein A16 ,1.16,1.13
gi|4506179,NM_002786,PSMA1,proteasome alpha 1 subunit isoform 2 ,1.16,1.07
gi|66529005,NM_005688,ABCC5,"ATP-binding cassette, sub-family C, member 5 isoform 1 ",1.16,1.14
gi|7657441,NM_014891,PDAP1,PDGFA associated protein 1 ,1.16,1.15
gi|4885417,NM_005339,UBE2K,huntingtin interacting protein 2 ,1.16,1.12
gi|21361280,NM_005726,TSFM,"Ts translation elongation factor, mitochondrial ",1.16,1.14
gi|4504505,NM_000414,HSD17B4,hydroxysteroid (17-beta) dehydrogenase 4 ,1.16,1.13
gi|4502735,NM_000075,CDK4,cyclin-dependent kinase 4 ,1.16,1.13
gi|88943485,XM_497711,HIST2H3D,"PREDICTED: similar to H3 histone, family 2 isoform 2 ",1.16,1.07
gi|4506667,NM_001002,RPLP0,ribosomal protein P0 ,1.15,1.05
gi|5031875,NM_005572,LMNA,lamin A/C isoform 2 ,1.15,1.10
gi|113421664,XM_498491,-,PREDICTED: hypothetical protein ,1.15,1.14
gi|41327771,NM_004818,DDX23,DEAD (Asp-Glu-Ala-Asp) box polypeptide 23 ,1.15,1.20
gi|5031595,NM_005718,ARPC4,actin related protein 2/3 complex subunit 4 isoform a ,1.15,1.09
gi|33469968,NM_005916,MCM7,minichromosome maintenance protein 7 isoform 1 ,1.15,0.92
gi|33356177,NM_002834,PTPN11,"protein tyrosine phosphatase, non-receptor type 11 ",1.15,0.99
gi|4505701,NM_003681,PDXK,pyridoxal kinase ,1.15,1.04
gi|7706485,NM_016292,TRAP1,TNF receptor-associated protein 1 ,1.15,1.17
gi|4506365,NM_002865,RAB2,"RAB2, member RAS oncogene family ",1.15,0.98
gi|83376130,NM_001037663,EEF1B2,eukaryotic translation elongation factor 1 beta 2 ,1.15,1.07
gi|4826852,NM_005003,NDUFAB1,"NADH dehydrogenase (ubiquinone) 1, alpha/beta subcomplex, 1, 8kDa ",1.15,1.03
gi|4503523,NM_003753,EIF3S7,eukaryotic translation initiation factor 3 subunit 7 ,1.15,0.91
gi|4502203,NM_001659,ARF3,ADP-ribosylation factor 3 ,1.15,1.11
gi|33286422,NM_182471,PKM2,pyruvate kinase 3 isoform 2 ,1.15,1.14
gi|4504391,NM_000188,HK1,hexokinase 1 isoform HKI ,1.14,1.06
gi|21361794,NM_018448,CAND1,TIP120 protein ,1.14,0.98
gi|88758611,NM_002264,KPNA1,karyopherin alpha 1 ,1.14,0.90
gi|12408656,NM_005186,CAPN1,"calpain 1, large subunit ",1.14,1.01
gi|47607492,NM_000445,PLEC1,plectin 1 isoform 1 ,1.14,1.05
gi|19913432,NM_004691,ATP6V0D1,"ATPase, H+ transporting, lysosomal, V0 subunit d1 ",1.14,1.18
gi|50593002,NM_003090,SNRPA1,small nuclear ribonucleoprotein polypeptide A' ,1.14,0.93
gi|4506681,NM_001015,RPS11,ribosomal protein S11 ,1.14,1.05
gi|4507451,NM_003225,TFF1,trefoil factor 1 precursor ,1.14,1.12
gi|51317376,NM_001003796,NHP2L1,NHP2 non-histone chromosome protein 2-like 1 ,1.14,1.00
gi|7657381,NM_014502,PRPF19,PRP19/PSO4 pre-mRNA processing factor 19 homolog ,1.13,1.05
gi|65506891,NM_002394,SLC3A2,"solute carrier family 3 (activators of dibasic and neutral amino acid transport), member 2 isoform c ",1.13,0.93
gi|20149709,NM_138394,HNRPLL,heterogeneous nuclear ribonucleoprotein L-like ,1.13,0.86
gi|51944971,NM_001004060,NOMO2,nodal modulator 2 isoform 1 ,1.13,0.95
gi|4507229,NM_001080,ALDH5A1,"aldehyde dehydrogenase 5A1 precursor, isoform 2 ",1.13,1.06
gi|48762920,NM_002626,PFKL,liver phosphofructokinase isoform b ,1.13,1.17
gi|20357552,NM_005231,CTTN,cortactin isoform a ,1.13,1.11
gi|4557565,NM_000124,ERCC6,"excision repair cross-complementing rodent repair deficiency, complementation group 6 ",1.13,1.10
gi|7706495,NM_016306,DNAJB11,"DnaJ (Hsp40) homolog, subfamily B, member 11 precursor ",1.13,0.91
gi|47778943,NM_001001433,STX16,syntaxin 16 isoform a ,1.13,1.07
gi|30065645,NM_178001,PPP2R4,"protein phosphatase 2A, regulatory subunit B' isoform a ",1.13,1.04
gi|29550850,NM_177937,GOLM1,golgi phosphoprotein 2 ,1.13,0.88
gi|7019485,NM_013232,PDCD6,programmed cell death 6 ,1.13,1.08
gi|71143137,NM_005342,HMGB3,high-mobility group box 3 ,1.13,1.19
gi|33598954,NM_013386,SLC25A24,solute carrier family 25 member 24 isoform 1 ,1.13,0.95
gi|23110925,NM_002798,PSMB6,proteasome beta 6 subunit ,1.13,0.91
gi|5901922,NM_007065,CDC37,cell division cycle 37 protein ,1.13,0.76
gi|4757766,NM_004308,ARHGAP1,Rho GTPase activating protein 1 ,1.13,1.10
gi|40353734,NM_199185,NPM1,nucleophosmin 1 isoform 2 ,1.13,1.08
gi|61175265,NM_001012989,UBE2NL,ubiquitin-conjugating enzyme E2N-like ,1.13,1.03
gi|4507135,NM_003097,SNRPN,small nuclear ribonucleoprotein polypeptide N ,1.12,0.99
gi|89026104,XM_944439,-,PREDICTED: similar to Eukaryotic translation initiation factor 4H (eIF-4H) (Williams-Beuren syndrome chromosome region 1 protein homolog) isoform 5 ,1.12,1.11
gi|21322230,NM_024779,PIP5K2C,"phosphatidylinositol-4-phosphate 5-kinase, type II, gamma ",1.12,1.01
gi|21040371,NM_005804,DDX39,DEAD (Asp-Glu-Ala-Asp) box polypeptide 39 ,1.12,1.09
gi|7705696,NM_015913,TXNDC12,"endoplasmic reticulum thioredoxin superfamily member, 18 kDa ",1.12,0.75
gi|7706200,NM_016647,C8orf55,mesenchymal stem cell protein DSCD75 ,1.12,1.05
gi|50845388,NM_001002858,ANXA2,annexin A2 isoform 1 ,1.12,0.92
gi|5803137,NM_006743,RBM3,RNA binding motif protein 3 isoform a ,1.12,0.89
gi|4506621,NM_000987,RPL26,ribosomal protein L26 ,1.12,1.07
gi|5031877,NM_005573,LMNB1,lamin B1 ,1.12,1.16
gi|5453549,NM_006406,PRDX4,thioredoxin peroxidase ,1.12,0.92
gi|5031755,NM_005826,HNRPR,heterogeneous nuclear ribonucleoprotein R ,1.12,0.97
gi|4506131,NM_002766,PRPSAP1,phosphoribosyl pyrophosphate synthetase-associated protein 1 ,1.12,0.98
gi|109148508,NM_017670,OTUB1,otubain 1 ,1.12,1.07
gi|4507457,NM_003234,TFRC,transferrin receptor ,1.12,1.05
gi|27764863,NM_001636,SLC25A6,"solute carrier family 25, member A6 ",1.12,1.13
gi|5174447,NM_006098,GNB2L1,"guanine nucleotide binding protein (G protein), beta polypeptide 2-like 1 ",1.12,0.95
gi|20270371,NM_138809,LOC134147,carboxymethylenebutenolidase-like (Pseudomonas) ,1.12,1.19
gi|23110944,NM_002791,PSMA6,proteasome alpha 6 subunit ,1.12,1.02
gi|4507191,NM_003127,SPTAN1,"spectrin, alpha, non-erythrocytic 1 (alpha-fodrin) ",1.11,0.98
gi|7657056,NM_014600,EHD3,EH-domain containing 3 ,1.11,1.11
gi|11128019,NM_018947,CYCS,cytochrome c ,1.11,0.93
gi|5803167,NM_006802,SF3A3,"splicing factor 3a, subunit 3 ",1.11,0.91
gi|89039064,XM_945789,-,PREDICTED: similar to 60S ribosomal protein L17 (L23) isoform 4 ,1.11,0.99
gi|46593007,NM_003365,UQCRC1,ubiquinol-cytochrome c reductase core protein I ,1.11,1.20
gi|89030524,XM_940610,-,PREDICTED: similar to ribosomal protein L36 ,1.11,1.17
gi|117168248,NM_016395,PTPLAD1,butyrate-induced transcript 1 ,1.11,1.00
gi|20149680,NM_024619,FN3KRP,fructosamine-3-kinase-related protein ,1.11,1.04
gi|45439306,NM_001349,DARS,aspartyl-tRNA synthetase ,1.11,0.91
gi|70995422,NM_001025434,NQO1,"NAD(P)H menadione oxidoreductase 1, dioxin-inducible isoform c ",1.11,1.02
gi|18860845,NM_130837,OPA1,optic atrophy 1 isoform 8 ,1.11,0.90
gi|4502171,NM_000485,APRT,adenine phosphoribosyltransferase isoform a ,1.11,1.08
gi|5730027,NM_006559,KHDRBS1,"KH domain containing, RNA binding, signal transduction associated 1 ",1.10,1.12
gi|4504859,NM_002250,KCNN4,intermediate conductance calcium-activated potassium channel protein 1 ,1.10,1.16
gi|85362737,NM_001039140,C20orf27,hypothetical protein LOC54976 ,1.10,1.05
gi|4506289,NM_002827,PTPN1,"protein tyrosine phosphatase, non-receptor type 1 ",1.10,0.92
gi|51173748,NM_001003397,TPD52L1,tumor protein D52-like 1 isoform 4 ,1.10,1.08
gi|24431994,NM_023947,CHID1,chitinase domain containing 1 ,1.10,1.06
gi|46367787,NM_002568,PABPC1,"poly(A) binding protein, cytoplasmic 1 ",1.10,1.15
gi|13129044,NM_024065,PDCL3,phosducin-like 3 ,1.10,0.98
gi|5032179,NM_005762,TRIM28,tripartite motif-containing 28 protein ,1.10,0.99
gi|70608172,NM_001025252,TPD52,tumor protein D52 isoform 1 ,1.10,1.03
gi|32455256,NM_181746,LASS2,LAG1 longevity assurance homolog 2 ,1.10,1.11
gi|28178825,NM_005896,IDH1,"isocitrate dehydrogenase 1 (NADP+), soluble ",1.10,0.91
gi|40805868,NM_199362,TPD52L2,tumor protein D52-like 2 isoform c ,1.10,1.06
gi|4505751,NM_002628,PFN2,profilin 2 isoform b ,1.10,0.85
gi|4503453,NM_003792,EDF1,endothelial differentiation-related factor 1 isoform alpha ,1.10,1.11
gi|5453597,NM_006135,CAPZA1,F-actin capping protein alpha-1 subunit ,1.10,1.00
gi|4503841,NM_001469,XRCC6,"ATP-dependent DNA helicase II, 70 kDa subunit ",1.10,1.01
gi|4758138,NM_004396,DDX5,DEAD (Asp-Glu-Ala-Asp) box polypeptide 5 ,1.10,0.98
gi|5031977,NM_005746,PBEF1,visfatin precursor ,1.09,0.99
gi|11386147,NM_002778,PSAP,prosaposin isoform a preproprotein ,1.09,0.93
gi|113429184,XM_940608,-,PREDICTED: similar to peptidylprolyl isomerase A isoform 1 ,1.09,0.96
gi|29029559,NM_001316,CSE1L,CSE1 chromosome segregation 1-like protein ,1.09,1.06
gi|4759302,NM_004738,VAPB,VAMP-associated protein B/C ,1.09,0.99
gi|13399322,NM_024662,NAT10,N-acetyltransferase-like protein ,1.09,1.19
gi|88999528,XM_941582,-,PREDICTED: similar to 60S ribosomal protein L27a ,1.09,0.91
gi|4506669,NM_001003,RPLP1,ribosomal protein P1 isoform 1 ,1.09,1.13
gi|5453555,NM_006325,RAN,ras-related nuclear protein ,1.09,0.95
gi|68509926,NM_001358,DHX15,DEAH (Asp-Glu-Ala-His) box polypeptide 15 ,1.09,1.00
gi|62912492,NM_001015880,PAPSS2,3'-phosphoadenosine 5'-phosphosulfate synthase 2 isoform b ,1.09,1.13
gi|4507785,NM_003345,UBE2I,ubiquitin-conjugating enzyme E2I ,1.09,0.97
gi|14110407,NM_031372,HNRPDL,heterogeneous nuclear ribonucleoprotein D-like ,1.09,0.90
gi|100913206,NM_001357,DHX9,DEAH (Asp-Glu-Ala-His) box polypeptide 9 ,1.09,0.99
gi|112380628,NM_005561,LAMP1,lysosomal-associated membrane protein 1 ,1.09,1.17
gi|13489073,NM_022051,EGLN1,egl nine homolog 1 ,1.09,0.80
gi|5174389,NM_005891,ACAT2,acetyl-Coenzyme A acetyltransferase 2 ,1.09,0.97
gi|41393561,NM_015907,LAP3,leucine aminopeptidase 3 ,1.08,1.20
gi|4504897,NM_002266,KPNA2,karyopherin alpha 2 ,1.08,1.12
gi|113420980,XM_932717,-,"PREDICTED: similar to tubulin, beta 8 isoform 2 ",1.08,0.97
gi|4506607,NM_000979,RPL18,ribosomal protein L18 ,1.08,0.94
gi|38683816,NM_198889,ANKRD17,ankyrin repeat domain protein 17 isoform b ,1.08,1.08
gi|4506467,NM_002906,RDX,radixin ,1.08,1.00
gi|13129100,NM_024096,XTP3TPA,hypothetical protein LOC79077 ,1.08,0.92
gi|4826659,NM_004930,CAPZB,F-actin capping protein beta subunit ,1.08,1.10
gi|4557801,NM_000270,NP,purine nucleoside phosphorylase ,1.08,0.97
gi|47132583,NM_212472,PRKAR1A,"cAMP-dependent protein kinase, regulatory subunit alpha 1 ",1.08,0.88
gi|17017988,NM_001862,COX5B,cytochrome c oxidase subunit Vb precursor ,1.08,0.98
gi|7019569,NM_013245,VPS4A,vacuolar protein sorting factor 4A ,1.08,1.16
gi|24430151,NM_002802,PSMC1,proteasome 26S ATPase subunit 1 ,1.08,1.02
gi|94721252,NM_194434,VAPA,vesicle-associated membrane protein-associated protein A isoform 2 ,1.08,0.95
gi|5123454,NM_005345,HSPA1A,heat shock 70kDa protein 1A ,1.08,1.06
gi|38679977,NM_198839,ACACA,acetyl-Coenzyme A carboxylase alpha isoform 2 ,1.08,1.19
gi|39753957,NM_015602,TOR1AIP1,lamina-associated polypeptide 1B ,1.08,1.11
gi|7657265,NM_015322,FEM1B,fem-1 homolog b ,1.08,0.86
gi|113413176,XM_001126152,-,PREDICTED: similar to RAN binding protein 2 isoform 2 ,1.08,1.02
gi|4503133,NM_001905,CTPS,CTP synthase ,1.08,1.16
gi|89903012,NM_001039802,CDC42,cell division cycle 42 isoform 1 ,1.07,0.98
gi|63055057,NM_001017992,DKFZp686D0972,hypothetical protein LOC345651 ,1.07,0.81
gi|11056044,NM_021129,PPA1,pyrophosphatase 1 ,1.07,1.04
gi|6912734,NM_012470,TNPO3,transportin 3 ,1.07,1.06
gi|108773810,NM_020117,LARS,leucyl-tRNA synthetase ,1.07,0.90
gi|69354671,NM_001025091,ABCF1,"ATP-binding cassette, sub-family F, member 1 isoform a ",1.07,0.96
gi|9257240,NM_017455,NPTN,neuroplastin isoform a precursor ,1.07,1.11
gi|124028525,NM_005687,FARSLB,"phenylalanyl-tRNA synthetase, beta subunit ",1.07,1.10
gi|41349441,NM_016211,SEC31A,SEC31 homolog A isoform 2 ,1.07,1.00
gi|88988836,XM_937380,-,PREDICTED: similar to 40S ribosomal protein S25 ,1.07,1.01
gi|13129092,NM_024092,TMEM109,transmembrane protein 109 ,1.07,1.12
gi|4503015,NM_003909,CPNE3,copine III ,1.07,0.94
gi|23510448,NM_006739,MCM5,minichromosome maintenance deficient protein 5 ,1.07,1.04
gi|4757902,NM_004344,CETN2,caltractin ,1.07,1.16
gi|4502491,NM_001212,C1QBP,"complement component 1, q subcomponent binding protein precursor ",1.07,1.01
gi|4501955,NM_001618,PARP1,"poly (ADP-ribose) polymerase family, member 1 ",1.07,1.11
gi|4506147,NM_002770,PRSS2,"protease, serine, 2 preproprotein ",1.07,0.98
gi|77539758,NM_001034077,HIST2H4B,"histone cluster 2, H4b ",1.07,1.14
gi|4501867,NM_001098,ACO2,aconitase 2 precursor ,1.07,0.91
gi|24307939,NM_012073,CCT5,"chaperonin containing TCP1, subunit 5 (epsilon) ",1.07,1.02
gi|122937227,NM_001080415,SR140,U2-associated SR140 protein ,1.07,0.98
gi|6912494,NM_012325,MAPRE1,"microtubule-associated protein, RP/EB family, member 1 ",1.07,1.16
gi|15431297,NM_000977,RPL13,ribosomal protein L13 ,1.06,0.95
gi|33519475,NM_005006,NDUFS1,"NADH dehydrogenase (ubiquinone) Fe-S protein 1, 75kDa precursor ",1.06,0.92
gi|4506901,NM_003017,SFRS3,"splicing factor, arginine/serine-rich 3 ",1.06,0.94
gi|71979932,NM_003486,SLC7A5,"solute carrier family 7 (cationic amino acid transporter, y+ system), member 5 ",1.06,1.20
gi|15431288,NM_007104,RPL10A,ribosomal protein L10a ,1.06,1.04
gi|4501891,NM_001102,ACTN1,"actinin, alpha 1 ",1.06,0.99
gi|83281438,NM_003758,EIF3S1,"eukaryotic translation initiation factor 3, subunit 1 alpha, 35kDa ",1.06,1.03
gi|4506753,NM_003707,RUVBL1,RuvB-like 1 ,1.06,0.94
gi|6912292,NM_012117,CBX5,"chromobox homolog 5 (HP1 alpha homolog, Drosophila) ",1.06,1.12
gi|4506723,NM_001006,RPS3A,ribosomal protein S3a ,1.06,0.95
gi|9845297,NM_019887,DIABLO,diablo isoform 1 precursor ,1.06,0.86
gi|4507651,NM_003290,TPM4,tropomyosin 4 ,1.06,0.87
gi|8922498,NM_018129,PNPO,pyridoxine 5'-phosphate oxidase ,1.06,0.82
gi|89037070,XM_936630,-,PREDICTED: similar to ribosomal protein L13a isoform 1 ,1.06,0.94
gi|20127408,NM_000182,HADHA,"mitochondrial trifunctional protein, alpha subunit precursor ",1.06,1.03
gi|66912162,NM_001024599,HIST2H2BF,"histone 2, H2bf ",1.06,1.13
gi|50346005,NM_001002021,PFKL,liver phosphofructokinase isoform a ,1.06,0.94
gi|24308201,NM_020531,C20orf3,chromosome 20 open reading frame 3 ,1.06,0.85
gi|82659109,NM_020765,ZUBR1,retinoblastoma-associated factor 600 ,1.06,0.96
gi|55956921,NM_004499,HNRPAB,heterogeneous nuclear ribonucleoprotein AB isoform b ,1.06,1.05
gi|14110420,NM_031370,HNRPD,heterogeneous nuclear ribonucleoprotein D isoform a ,1.05,1.15
gi|13435359,NM_001923,DDB1,damage-specific DNA binding protein 1 ,1.05,1.06
gi|38327634,NM_006773,DDX18,DEAD (Asp-Glu-Ala-Asp) box polypeptide 18 ,1.05,1.11
gi|29788785,NM_178014,TUBB,"tubulin, beta polypeptide ",1.05,1.07
gi|4506181,NM_002787,PSMA2,proteasome alpha 2 subunit ,1.05,0.84
gi|22027538,NM_013374,PDCD6IP,programmed cell death 6 interacting protein ,1.05,0.95
gi|4506439,NM_002893,RBBP7,retinoblastoma binding protein 7 ,1.05,0.98
gi|21359860,NM_002823,PTMA,"prothymosin, alpha (gene sequence 28) ",1.05,1.07
gi|19923142,NM_002265,KPNB1,karyopherin beta 1 ,1.05,1.04
gi|32189394,NM_001686,ATP5B,"ATP synthase, H+ transporting, mitochondrial F1 complex, beta subunit precursor ",1.05,1.00
gi|4506145,NM_002769,PRSS1,"protease, serine, 1 preproprotein ",1.05,1.19
gi|5031973,NM_005742,PDIA6,protein disulfide isomerase-associated 6 ,1.05,1.02
gi|4885413,NM_005340,HINT1,histidine triad nucleotide binding protein 1 ,1.05,0.97
gi|4507241,NM_003146,SSRP1,structure specific recognition protein 1 ,1.05,1.13
gi|66346730,NM_001015001,CKMT1A,"creatine kinase, mitochondrial 1A precursor ",1.05,1.14
gi|11559929,NM_016128,COPG,"coatomer protein complex, subunit gamma 1 ",1.05,0.96
gi|77812684,NM_001034191,PPA2,inorganic pyrophosphatase 2 isoform 5 precursor ,1.05,1.09
gi|4506663,NM_000973,RPL8,ribosomal protein L8 ,1.05,1.08
gi|4757960,NM_004360,CDH1,"cadherin 1, type 1 preproprotein ",1.05,1.07
gi|4504483,NM_000194,HPRT1,hypoxanthine phosphoribosyltransferase 1 ,1.05,0.77
gi|4503729,NM_002014,FKBP4,FK506-binding protein 4 ,1.05,0.89
gi|17921989,NM_006000,TUBA1,"tubulin, alpha 4a ",1.05,1.05
gi|5803225,NM_006761,YWHAE,"tyrosine 3/tryptophan 5 -monooxygenase activation protein, epsilon polypeptide ",1.05,1.08
gi|38201714,NM_001419,ELAVL1,ELAV-like 1 ,1.05,1.04
gi|54792071,NM_001005849,SUMO2,SMT3 suppressor of mif two 3 homolog 2 isoform b precursor ,1.05,1.10
gi|4506661,NM_000972,RPL7A,ribosomal protein L7a ,1.05,0.94
gi|94429050,NM_004892,SEC22B,SEC22 vesicle trafficking protein homolog B ,1.05,0.90
gi|19923748,NM_001933,DLST,dihydrolipoamide S-succinyltransferase (E2 component of 2-oxo-glutarate complex) ,1.04,1.02
gi|20127486,NM_005817,M6PRBP1,mannose 6 phosphate receptor binding protein 1 ,1.04,1.17
gi|4502643,NM_001762,CCT6A,"chaperonin containing TCP1, subunit 6A isoform a ",1.04,1.11
gi|71565154,NM_000671,ADH5,class III alcohol dehydrogenase 5 chi subunit ,1.04,0.88
gi|4758786,NM_004550,NDUFS2,"NADH dehydrogenase (ubiquinone) Fe-S protein 2, 49kDa (NADH-coenzyme Q reductase) ",1.04,1.05
gi|4507357,NM_003564,TAGLN2,transgelin 2 ,1.04,0.94
gi|14389309,NM_032704,TUBA6,tubulin alpha 6 ,1.04,1.00
gi|33350932,NM_001376,DYNC1H1,"dynein, cytoplasmic, heavy polypeptide 1 ",1.04,1.11
gi|42794771,NM_030810,TXNDC5,thioredoxin domain containing 5 isoform 1 ,1.04,1.01
gi|23308579,NM_006601,PTGES3,"unactive progesterone receptor, 23 kD ",1.04,0.96
gi|23510340,NM_153280,UBA1,ubiquitin-activating enzyme E1 ,1.04,0.99
gi|27545315,NM_016360,CCDC44,clone HQ0477 PRO0477p ,1.04,1.00
gi|92859701,NM_004999,MYO6,myosin VI ,1.04,1.17
gi|21536452,NM_002771,PRSS3,mesotrypsin preproprotein ,1.04,1.03
gi|40807357,NM_005094,SLC27A4,"solute carrier family 27 (fatty acid transporter), member 4 ",1.04,1.02
gi|4504771,NM_002212,EIF6,integrin beta 4 binding protein isoform a ,1.04,1.03
gi|16579885,NM_000968,RPL4,ribosomal protein L4 ,1.04,1.05
gi|22027653,NM_145730,AP1B1,adaptor-related protein complex 1 beta 1 subunit isoform b ,1.04,1.07
gi|7706339,NM_016059,PPIL1,peptidylprolyl isomerase-like 1 ,1.04,0.80
gi|4507645,NM_000365,TPI1,triosephosphate isomerase 1 ,1.04,1.04
gi|55956788,NM_005381,NCL,nucleolin ,1.04,1.03
gi|23308577,NM_006623,PHGDH,phosphoglycerate dehydrogenase ,1.04,1.12
gi|50592994,NM_003329,TXN,thioredoxin ,1.04,1.01
gi|4506605,NM_000978,RPL23,ribosomal protein L23 ,1.04,0.89
gi|39930345,NM_015027,KIAA0251,hypothetical protein LOC23042 ,1.04,0.84
gi|77404397,NM_014390,SND1,staphylococcal nuclease domain containing 1 ,1.04,1.08
gi|4506703,NM_001026,RPS24,ribosomal protein S24 isoform c ,1.04,1.09
gi|11545863,NM_022132,MCCC2,methylcrotonoyl-Coenzyme A carboxylase 2 (beta) ,1.04,1.04
gi|9845502,NM_002295,RPSA,ribosomal protein SA ,1.04,0.94
gi|61676188,NM_031407,HUWE1,"HECT, UBA and WWE domain containing 1 ",1.04,1.18
gi|8051636,NM_007235,XPOT,tRNA exportin ,1.03,1.05
gi|4827071,NM_003418,CNBP,zinc finger protein 9 ,1.03,1.10
gi|4507669,NM_003295,TPT1,"tumor protein, translationally-controlled 1 ",1.03,0.99
gi|13654237,NM_006904,PRKDC,"protein kinase, DNA-activated, catalytic polypeptide isoform 1 ",1.03,1.04
gi|5453595,NM_006367,CAP1,adenylyl cyclase-associated protein ,1.03,1.01
gi|20070125,NM_000918,P4HB,"prolyl 4-hydroxylase, beta subunit precursor ",1.03,1.02
gi|50592988,NM_003366,UQCRC2,ubiquinol-cytochrome c reductase core protein II ,1.03,1.05
gi|5174431,NM_006013,RPL10,ribosomal protein L10 ,1.03,0.94
gi|89034991,XM_940183,-,PREDICTED: similar to ribosomal protein S12 ,1.03,1.04
gi|18201905,NM_000175,GPI,glucose phosphate isomerase ,1.03,0.96
gi|41872631,NM_004104,FASN,fatty acid synthase ,1.03,0.99
gi|57863257,NM_030752,TCP1,T-complex protein 1 isoform a ,1.03,0.97
gi|23200008,NM_148912,ABHD11,abhydrolase domain containing 11 isoform 1 ,1.03,1.19
gi|53831995,NM_001005409,SF3A1,"splicing factor 3a, subunit 1, 120kDa isoform 2 ",1.03,0.73
gi|74136883,NM_031844,HNRPU,heterogeneous nuclear ribonucleoprotein U isoform a ,1.03,0.99
gi|73808090,NM_001032293,ZNF207,zinc finger protein 207 isoform b ,1.03,0.97
gi|20127499,NM_006275,SFRS6,arginine/serine-rich splicing factor 6 ,1.03,0.84
gi|45238849,NM_030979,PABPC3,"poly(A) binding protein, cytoplasmic 3 ",1.03,1.00
gi|50345984,NM_001001937,ATP5A1,"ATP synthase, H+ transporting, mitochondrial F1 complex, alpha subunit precursor ",1.03,0.90
gi|4502373,NM_003657,BCAS1,breast carcinoma amplified sequence 1 ,1.03,1.07
gi|19923315,NM_005412,SHMT2,serine hydroxymethyltransferase 2 (mitochondrial) ,1.03,1.07
gi|4759270,NM_004622,TSN,translin ,1.03,1.03
gi|14149680,NM_015292,FAM62A,"family with sequence similarity 62 (C2 domain containing), member A ",1.03,1.06
gi|4758140,NM_004397,DDX6,DEAD (Asp-Glu-Ala-Asp) box polypeptide 6 ,1.03,0.79
gi|17999541,NM_018206,VPS35,vacuolar protein sorting 35 ,1.03,0.85
gi|4759202,NM_004710,SYNGR2,synaptogyrin 2 ,1.03,0.89
gi|89036208,XM_945796,-,PREDICTED: similar to 60S ribosomal protein L14 (CAG-ISL 7) isoform 2 ,1.03,1.05
gi|4507143,NM_003795,SNX3,sorting nexin 3 ,1.02,1.07
gi|4507793,NM_003348,UBE2N,ubiquitin-conjugating enzyme E2N ,1.02,1.01
gi|5453607,NM_006429,CCT7,"chaperonin containing TCP1, subunit 7 isoform a ",1.02,1.01
gi|32189392,NM_005809,PRDX2,peroxiredoxin 2 isoform a ,1.02,1.04
gi|55770844,NM_001903,CTNNA1,"catenin, alpha 1 ",1.02,0.99
gi|28178832,NM_002168,IDH2,"isocitrate dehydrogenase 2 (NADP+), mitochondrial precursor ",1.02,1.08
gi|4885281,NM_005271,GLUD1,glutamate dehydrogenase 1 ,1.02,1.04
gi|54112117,NM_012433,SF3B1,"splicing factor 3b, subunit 1 isoform 1 ",1.02,1.06
gi|5032057,NM_005620,S100A11,S100 calcium binding protein A11 ,1.02,0.99
gi|6912248,NM_012100,DNPEP,aspartyl aminopeptidase ,1.02,0.75
gi|61743954,NM_001620,AHNAK,AHNAK nucleoprotein isoform 1 ,1.02,1.08
gi|4507353,NM_003487,TAF15,TBP-associated factor 15 isoform 2 ,1.02,1.03
gi|115430219,NM_015974,CRYL1,lambda-crystallin ,1.02,0.94
gi|4557797,NM_000269,NME1,"non-metastatic cells 1, protein (NM23A) expressed in isoform b ",1.02,0.90
gi|56237023,NM_000403,GALE,UDP-galactose-4-epimerase ,1.02,0.79
gi|4757900,NM_004343,CALR,calreticulin precursor ,1.02,0.99
gi|24308007,NM_015161,ARL6IP,ADP-ribosylation factor-like 6 interacting protein ,1.02,0.86
gi|5453690,NM_006145,DNAJB1,"DnaJ (Hsp40) homolog, subfamily B, member 1 ",1.02,1.19
gi|10863889,NM_005146,SART1,squamous cell carcinoma antigen recognized by T cells 1 ,1.02,0.97
gi|38327625,NM_004077,CS,"citrate synthase precursor, isoform a ",1.02,1.03
gi|4504517,NM_001540,HSPB1,heat shock 27kDa protein 1 ,1.02,1.00
gi|67189747,NM_001024662,RPL6,ribosomal protein L6 ,1.02,1.09
gi|4758038,NM_004255,COX5A,cytochrome c oxidase subunit Va precursor ,1.02,0.84
gi|4506189,NM_002792,PSMA7,proteasome alpha 7 subunit ,1.02,0.96
gi|66879664,NM_001024228,ARF1,ADP-ribosylation factor 1 ,1.02,1.08
gi|4504253,NM_002105,H2AFX,"H2A histone family, member X ",1.02,1.07
gi|4506691,NM_001020,RPS16,ribosomal protein S16 ,1.02,1.03
gi|94721241,NM_002161,IARS,isoleucine-tRNA synthetase ,1.02,1.06
gi|20127454,NM_004044,ATIC,5-aminoimidazole-4-carboxamide ribonucleotide formyltransferase/IMP cyclohydrolase ,1.02,1.08
gi|89036292,XM_942556,-,PREDICTED: similar to Phosphoglycerate mutase 1 (Phosphoglycerate mutase isozyme B) (PGAM-B) (BPG-dependent PGAM 1) isoform 1 ,1.02,1.07
gi|6912708,NM_012456,TIMM10,translocase of inner mitochondrial membrane 10 homolog ,1.02,1.08
gi|4506675,NM_002950,RPN1,ribophorin I precursor ,1.02,0.93
gi|4758112,NM_004640,BAT1,HLA-B associated transcript 1 ,1.02,1.02
gi|56699409,NM_002139,RBMX,"RNA binding motif protein, X-linked ",1.02,0.99
gi|62865635,NM_003129,SQLE,squalene monooxygenase ,1.02,0.95
gi|16306550,NM_003944,SELENBP1,selenium binding protein 1 ,1.02,1.14
gi|4885409,NM_005336,HDLBP,high density lipoprotein binding protein ,1.02,1.04
gi|5901912,NM_006888,CALM1,calmodulin 1 ,1.01,1.05
gi|15055539,NM_002952,RPS2,ribosomal protein S2 ,1.01,1.09
gi|31543380,NM_007262,PARK7,DJ-1 protein ,1.01,0.98
gi|11225260,NM_003286,TOP1,DNA topoisomerase I ,1.01,0.98
gi|66933005,NM_001024649,CANX,calnexin precursor ,1.01,0.99
gi|4507813,NM_003359,UGDH,UDP-glucose dehydrogenase ,1.01,1.00
gi|68348709,NM_001024948,FNBP1L,formin binding protein 1-like isoform 1 ,1.01,0.84
gi|71361682,NM_006185,NUMA1,nuclear mitotic apparatus protein 1 ,1.01,1.08
gi|91984773,NM_144772,APOA1BP,apolipoprotein A-I binding protein precursor ,1.01,0.90
gi|4507677,NM_003299,HSP90B1,tumor rejection antigen (gp96) 1 ,1.01,1.07
gi|4758862,NM_004280,EEF1E1,eukaryotic translation elongation factor 1 epsilon 1 ,1.01,1.19
gi|4505773,NM_002634,PHB,prohibitin ,1.01,0.88
gi|21237805,NM_003075,SMARCC2,SWI/SNF-related matrix-associated actin-dependent regulator of chromatin c2 isoform a ,1.01,0.93
gi|41406064,NM_005964,MYH10,"myosin, heavy polypeptide 10, non-muscle ",1.01,1.08
gi|6274552,NM_007315,STAT1,signal transducer and activator of transcription 1 isoform alpha ,1.01,1.02
gi|83267868,NM_001037495,DYNLL1,dynein light chain 1 ,1.01,0.85
gi|50301238,NM_000637,GSR,glutathione reductase ,1.01,0.87
gi|4758484,NM_004832,GSTO1,glutathione-S-transferase omega 1 ,1.01,1.14
gi|14043072,NM_031243,HNRNPA2B1,heterogeneous nuclear ribonucleoprotein A2/B1 isoform B1 ,1.01,1.04
gi|51599156,NM_001273,CHD4,chromodomain helicase DNA binding protein 4 ,1.01,1.03
gi|4506233,NM_002812,PSMD8,proteasome 26S non-ATPase subunit 8 ,1.01,1.06
gi|24234750,NM_012218,ILF3,interleukin enhancer binding factor 3 isoform a ,1.01,1.02
gi|32483374,NM_006392,NOL5A,nucleolar protein 5A ,1.01,1.20
gi|4506685,NM_001017,RPS13,ribosomal protein S13 ,1.01,1.07
gi|24234747,NM_004515,ILF2,interleukin enhancer binding factor 2 ,1.01,1.05
gi|4502107,NM_001154,ANXA5,annexin 5 ,1.01,0.91
gi|4758788,NM_004551,NDUFS3,"NADH dehydrogenase (ubiquinone) Fe-S protein 3, 30kDa (NADH-coenzyme Q reductase) ",1.01,1.03
gi|4504165,NM_000177,GSN,gelsolin isoform a precursor ,1.01,1.12
gi|21735621,NM_005918,MDH2,mitochondrial malate dehydrogenase precursor ,1.01,0.99
gi|19923757,NM_004486,GOLGA2,"Golgi autoantigen, golgin subfamily a, 2 ",1.01,0.82
gi|5803013,NM_006817,ERP29,endoplasmic reticulum protein 29 isoform 1 precursor ,1.01,0.96
gi|62420877,NM_001014763,ETFB,"electron-transfer-flavoprotein, beta polypeptide isoform 2 ",1.01,1.13
gi|27436946,NM_170707,LMNA,lamin A/C isoform 1 precursor ,1.01,0.88
gi|4507149,NM_000454,SOD1,"superoxide dismutase 1, soluble ",1.01,1.07
gi|63252906,NM_001018020,TPM1,tropomyosin 1 alpha chain isoform 7 ,1.01,0.88
gi|4507949,NM_003404,YWHAB,"tyrosine 3-monooxygenase/tryptophan 5-monooxygenase activation protein, beta polypeptide ",1.01,1.02
gi|115430223,NM_002306,LGALS3,galectin 3 ,1.01,1.05
gi|63029937,NM_001017963,HSP90AA1,"heat shock protein 90kDa alpha (cytosolic), class A member 1 isoform 1 ",1.01,0.98
gi|15431301,NM_000971,RPL7,ribosomal protein L7 ,1.00,1.02
gi|17158044,NM_001010,RPS6,ribosomal protein S6 ,1.00,1.09
gi|18375673,NM_002911,UPF1,regulator of nonsense transcripts 1 ,1.00,0.94
gi|70608086,NM_001025303,HIST2H3PS2,"histone H2, H3-like ",1.00,1.02
gi|10835063,NM_002520,NPM1,nucleophosmin 1 isoform 1 ,1.00,0.96
gi|62422563,NM_001014835,PAK4,p21-activated kinase 4 isoform 2 ,1.00,1.07
gi|4506699,NM_001024,RPS21,ribosomal protein S21 ,1.00,1.01
gi|4826898,NM_005022,PFN1,profilin 1 ,1.00,1.08
gi|10835067,NM_003142,SSB,autoantigen La ,1.00,1.04
gi|21536326,NM_007040,HNRPUL1,E1B-55kDa-associated protein 5 isoform a ,1.00,1.13
gi|56549125,NM_001005362,DNM2,dynamin 2 isoform 4 ,1.00,0.87
gi|88952891,XM_939370,-,PREDICTED: similar to 40S ribosomal protein S15 (RIG protein) ,1.00,0.90
gi|4505621,NM_002567,PEBP1,prostatic binding protein ,1.00,1.03
gi|12056465,NM_001436,FBL,fibrillarin ,1.00,0.98
gi|4759274,NM_004786,TXNL1,thioredoxin-like 1 ,1.00,1.02
gi|66346683,NM_001018069,SERBP1,SERPINE1 mRNA binding protein 1 isoform 3 ,1.00,0.99
gi|28872725,NM_002815,PSMD11,proteasome 26S non-ATPase subunit 11 ,1.00,1.03
gi|34147513,NM_004637,RAB7,"RAB7, member RAS oncogene family ",1.00,1.03
gi|42822874,NM_203385,RNH1,ribonuclease/angiogenin inhibitor ,1.00,1.04
gi|4506387,NM_002874,RAD23B,UV excision repair protein RAD23 homolog B ,1.00,1.01
gi|57863269,NM_015056,KIAA0179,hypothetical protein LOC23076 ,1.00,1.01
gi|34932414,NM_007363,NONO,"non-POU domain containing, octamer-binding ",1.00,0.95
gi|13904870,NM_001009,RPS5,ribosomal protein S5 ,1.00,1.09
gi|10801345,NM_013234,EIF3S12,"eukaryotic translation initiation factor 3, subunit 12 ",1.00,0.81
gi|29568099,NM_018839,NSFL1C,p47 protein isoform b ,1.00,0.74
gi|24308207,NM_020710,LRRC47,leucine rich repeat containing 47 ,1.00,1.04
gi|98986464,NM_006827,TMED10,transmembrane emp24 domain-containing protein 10 precursor ,1.00,0.97
gi|7524354,NM_013974,DDAH2,dimethylarginine dimethylaminohydrolase 2 ,1.00,0.94
gi|118498359,NM_015659,RSL1D1,ribosomal L1 domain containing 1 ,1.00,1.16
gi|54607053,NM_006836,GCN1L1,GCN1 general control of amino-acid synthesis 1-like 1 ,1.00,0.90
gi|38202255,NM_152295,TARS,threonyl-tRNA synthetase ,1.00,1.08
gi|5453870,NM_006206,PDGFRA,platelet-derived growth factor receptor alpha precursor ,1.00,1.05
gi|88999583,NM_079423,MYL6,"myosin, light chain 6, alkali, smooth muscle and non-muscle isoform 2 ",1.00,0.97
gi|10863945,NM_021141,XRCC5,ATP-dependent DNA helicase II ,1.00,1.04
gi|4506697,NM_001023,RPS20,ribosomal protein S20 ,1.00,1.06
gi|70995396,NM_001025433,NQO1,"NAD(P)H menadione oxidoreductase 1, dioxin-inducible isoform b ",1.00,0.88
gi|28872728,NM_002817,PSMD13,proteasome 26S non-ATPase subunit 13 isoform 1 ,1.00,0.88
gi|4506787,NM_003870,IQGAP1,IQ motif containing GTPase activating protein 1 ,1.00,0.93
gi|7305053,NM_013451,FER1L3,myoferlin isoform a ,1.00,1.07
gi|7019415,NM_013336,SEC61A1,Sec61 alpha 1 subunit ,1.00,1.14
gi|4507953,NM_003406,YWHAZ,"tyrosine 3/tryptophan 5 -monooxygenase activation protein, zeta polypeptide ",1.00,0.94
gi|4507789,NM_003347,UBE2L3,ubiquitin-conjugating enzyme E2L 3 isoform 1 ,1.00,0.96
gi|34147630,NM_003321,TUFM,"Tu translation elongation factor, mitochondrial ",0.99,1.03
gi|21361657,NM_005313,PDIA3,protein disulfide isomerase-associated 3 precursor ,0.99,1.08
gi|4504425,NM_002128,HMGB1,high-mobility group box 1 ,0.99,1.10
gi|68160922,NM_001025071,RPS14,ribosomal protein S14 ,0.99,1.04
gi|119393897,NM_000158,GBE1,"glucan (1,4-alpha-), branching enzyme 1 ",0.99,1.08
gi|116812577,NM_016019,LUC7L2,LUC7-like 2 ,0.99,1.11
gi|41399285,NM_199440,HSPD1,chaperonin ,0.99,0.99
gi|4503183,NM_001914,CYB5A,cytochrome b-5 isoform 2 ,0.99,1.04
gi|88980535,XM_941927,-,PREDICTED: similar to 40S ribosomal protein S26 ,0.99,0.95
gi|4885063,NM_005165,ALDOC,fructose-bisphosphate aldolase C ,0.99,0.99
gi|34850074,NM_016080,C17orf25,hypothetical protein LOC51031 ,0.99,0.94
gi|5454088,NM_006401,ANP32B,"acidic (leucine-rich) nuclear phosphoprotein 32 family, member B ",0.99,1.08
gi|113412748,XM_001133879,LOC729199,PREDICTED: hypothetical protein ,0.99,1.05
gi|4506713,NM_002954,RPS27A,ubiquitin and ribosomal protein S27a precursor ,0.99,0.93
gi|40068475,NM_002822,TWF1,twinfilin 1 ,0.99,0.95
gi|33636719,NM_006351,TIMM44,translocase of inner mitochondrial membrane 44 ,0.99,0.62
gi|4503475,NM_001958,EEF1A2,eukaryotic translation elongation factor 1 alpha 2 ,0.99,1.05
gi|28557798,NM_174911,FAM84B,breast cancer membrane protein 101 ,0.99,1.00
gi|40789249,NM_018122,DARS2,aspartyl-tRNA synthetase 2 (mitochondrial) ,0.99,1.00
gi|20357529,NM_005273,GNB2,"guanine nucleotide-binding protein, beta-2 subunit ",0.99,0.84
gi|6912598,NM_012229,NT5C2,"5'-nucleotidase, cytosolic II ",0.99,0.92
gi|34740329,NM_194247,HNRPA3,heterogeneous nuclear ribonucleoprotein A3 ,0.99,0.96
gi|39652628,NM_014612,FAM120A,hypothetical protein LOC23196 ,0.99,0.74
gi|23111038,NM_003100,SNX2,sorting nexin 2 ,0.99,0.91
gi|5803181,NM_006819,STIP1,stress-induced-phosphoprotein 1 (Hsp70/Hsp90-organizing protein) ,0.99,1.02
gi|82880645,NM_001037334,USP14,ubiquitin specific protease 14 isoform b ,0.99,0.96
gi|22202637,NM_145897,PFDN5,prefoldin subunit 5 isoform gamma ,0.99,1.16
gi|42516576,NM_016417,GLRX5,glutaredoxin 5 ,0.99,0.77
gi|21359867,NM_001916,CYC1,cytochrome c-1 ,0.99,1.05
gi|12025678,NM_004924,ACTN4,"actinin, alpha 4 ",0.99,0.95
gi|4826998,NM_005066,SFPQ,splicing factor proline/glutamine rich (polypyrimidine tract binding protein associated) ,0.99,1.01
gi|7705369,NM_016451,COPB1,"coatomer protein complex, subunit beta ",0.99,1.03
gi|24234688,NM_004134,HSPA9B,heat shock 70kDa protein 9B precursor ,0.98,0.93
gi|4503249,NM_003472,DEK,DEK oncogene ,0.98,1.15
gi|56790945,NM_001008709,PPP1CA,"protein phosphatase 1, catalytic subunit, alpha isoform 3 ",0.98,0.98
gi|38569423,NM_198830,ACLY,ATP citrate lyase isoform 2 ,0.98,1.03
gi|58615666,,A1BG,cytochrome c oxidase subunit II ,0.98,0.92
gi|105990514,NM_001457,FLNB,"filamin B, beta (actin binding protein 278) ",0.98,1.12
gi|91208426,NM_006445,PRPF8,U5 snRNP-specific protein ,0.98,1.20
gi|4503117,NM_000100,CSTB,cystatin B ,0.98,1.04
gi|4758896,NM_004565,PEX14,peroxisomal biogenesis factor 14 ,0.98,1.19
gi|55743130,NM_001007074,RPL32,ribosomal protein L32 ,0.98,0.84
gi|14251209,NM_001288,CLIC1,chloride intracellular channel 1 ,0.98,0.99
gi|5453541,NM_006408,AGR2,anterior gradient 2 homolog ,0.98,1.01
gi|5031931,NM_005594,NACA,nascent-polypeptide-associated complex alpha polypeptide ,0.98,1.00
gi|4507951,NM_003405,YWHAH,"tyrosine 3/tryptophan 5 -monooxygenase activation protein, eta polypeptide ",0.98,1.09
gi|4557235,NM_000018,ACADVL,"acyl-Coenzyme A dehydrogenase, very long chain isoform 1 precursor ",0.98,0.97
gi|19743875,NM_000143,FH,fumarate hydratase precursor ,0.98,1.03
gi|6912616,NM_012412,H2AFV,"H2A histone family, member V isoform 1 ",0.98,0.90
gi|4501887,NM_001614,ACTG1,"actin, gamma 1 propeptide ",0.98,0.92
gi|113416182,XM_939505,-,PREDICTED: hypothetical protein ,0.98,0.95
gi|5031815,NM_005548,KARS,lysyl-tRNA synthetase ,0.98,0.98
gi|103471987,NM_016048,ISOC1,isochorismatase domain containing 1 ,0.98,0.97
gi|11415026,NM_000980,RPL18A,ribosomal protein L18a ,0.98,1.02
gi|4557305,NM_000034,ALDOA,aldolase A ,0.98,0.97
gi|5031635,NM_005507,CFL1,cofilin 1 (non-muscle) ,0.98,0.93
gi|19913363,NM_005663,WHSC2,Wolf-Hirschhorn syndrome candidate 2 protein ,0.98,0.48
gi|58761498,NM_001011725,RP11-78J21.1,heterogeneous nuclear ribonucleoprotein A1-like ,0.98,0.99
gi|4557014,NM_001752,CAT,catalase ,0.98,0.85
gi|22208977,NM_145904,HMGA1,high mobility group AT-hook 1 isoform a ,0.98,1.06
gi|4758030,NM_004371,COPA,"coatomer protein complex, subunit alpha ",0.98,0.93
gi|15431290,NM_000975,RPL11,ribosomal protein L11 ,0.98,1.03
gi|4759158,NM_004597,SNRPD2,small nuclear ribonucleoprotein polypeptide D2 ,0.98,1.07
gi|41322914,NM_201383,PLEC1,plectin 1 isoform 10 ,0.98,0.96
gi|54112121,NM_012426,SF3B3,"splicing factor 3b, subunit 3 ",0.98,1.04
gi|7705433,NM_016091,EIF3S6IP,eukaryotic translation initiation factor 3 subunit 6 interacting protein ,0.98,1.07
gi|27436951,NM_032737,LMNB2,lamin B2 ,0.98,0.68
gi|27886582,NM_017446,MRPL39,mitochondrial ribosomal protein L39 isoform a ,0.98,0.99
gi|4504067,NM_002079,GOT1,aspartate aminotransferase 1 ,0.98,0.91
gi|109715858,NM_014316,CARHSP1,calcium-regulated heat-stable protein 1 ,0.98,1.08
gi|4826952,NM_005047,PSMD5,proteasome 26S non-ATPase subunit 5 ,0.98,1.04
gi|14141193,NM_001013,RPS9,ribosomal protein S9 ,0.97,0.97
gi|7661568,NM_015599,PGM3,phosphoglucomutase 3 ,0.97,1.10
gi|4557809,NM_000274,OAT,ornithine aminotransferase precursor ,0.97,1.17
gi|41327773,NM_014829,DDX46,DEAD (Asp-Glu-Ala-Asp) box polypeptide 46 ,0.97,1.01
gi|65787364,NM_001018070,CORO1B,"coronin, actin binding protein, 1B ",0.97,0.91
gi|83700233,NM_001037808,EIF3C,"eukaryotic translation initiation factor 3, subunit 8, 110kDa ",0.97,1.07
gi|5031703,NM_005754,G3BP,Ras-GTPase-activating protein SH3-domain-binding protein ,0.97,0.92
gi|89064750,XM_942509,-,PREDICTED: similar to 26S protease regulatory subunit 6B (MIP224) (MB67-interacting protein) (TAT-binding protein 7) (TBP-7) ,0.97,1.03
gi|6598323,NM_001494,GDI2,GDP dissociation inhibitor 2 ,0.97,0.94
gi|4758304,NM_004911,PDIA4,protein disulfide isomerase-associated 4 ,0.97,1.01
gi|10835010,NM_001331,CTNND1,"catenin (cadherin-associated protein), delta 1 ",0.97,0.94
gi|14043024,NM_004281,BAG3,BCL2-associated athanogene 3 ,0.97,0.85
gi|4507521,NM_001064,TKT,transketolase ,0.97,0.94
gi|4506693,NM_001021,RPS17,ribosomal protein S17 ,0.97,1.05
gi|5902076,NM_006924,SFRS1,"splicing factor, arginine/serine-rich 1 isoform 1 ",0.97,1.07
gi|4758302,NM_004450,ERH,enhancer of rudimentary homolog ,0.97,1.08
gi|7705827,NM_016103,SAR1B,SAR1a gene homolog 2 ,0.97,1.06
gi|5453740,NM_006471,MRCL3,myosin regulatory light chain MRCL3 ,0.97,0.94
gi|109148542,NM_001605,AARS,alanyl-tRNA synthetase ,0.97,1.10
gi|84043963,NM_015904,EIF5B,eukaryotic translation initiation factor 5B ,0.97,0.90
gi|50053795,NM_001417,EIF4B,eukaryotic translation initiation factor 4B ,0.97,0.92
gi|31542319,NM_007263,COPE,epsilon subunit of coatomer protein complex isoform a ,0.97,0.89
gi|33695095,NM_016131,RAB10,ras-related GTP-binding protein RAB10 ,0.97,0.80
gi|10864047,NM_021235,EPS15L1,epidermal growth factor receptor pathway substrate 15-like 1 ,0.97,1.05
gi|33286418,NM_002654,PKM2,pyruvate kinase 3 isoform 1 ,0.97,0.97
gi|29826335,NM_003908,EIF2S2,eukaryotic translation initiation factor 2 beta ,0.97,0.97
gi|38257153,NM_198402,PTPLB,"protein tyrosine phosphatase-like (proline instead of catalytic arginine), member b ",0.97,1.15
gi|6005854,NM_007273,PHB2,prohibitin 2 ,0.97,1.03
gi|9257257,NM_017491,WDR1,WD repeat-containing protein 1 isoform 1 ,0.97,0.97
gi|4502389,NM_003860,BANF1,barrier to autointegration factor 1 ,0.97,0.98
gi|4504511,NM_001539,DNAJA1,"DnaJ (Hsp40) homolog, subfamily A, member 1 ",0.97,0.95
gi|4504523,NM_002157,HSPE1,heat shock 10kDa protein 1 (chaperonin 10) ,0.96,0.91
gi|4503981,NM_002056,GFPT1,glucosamine-fructose-6-phosphate aminotransferase ,0.96,0.93
gi|4504799,NM_002225,IVD,isovaleryl Coenzyme A dehydrogenase ,0.96,0.95
gi|24475816,NM_138501,GPSN2,"glycoprotein, synaptic 2 ",0.96,0.96
gi|14165439,NM_002140,HNRPK,heterogeneous nuclear ribonucleoprotein K isoform a ,0.96,1.00
gi|70906441,NM_001025248,-,dUTP pyrophosphatase isoform 1 precursor ,0.96,1.13
gi|21700763,NM_144570,C16orf34,chromosome 16 open reading frame 34 ,0.96,1.04
gi|110347425,NM_001042551,SMC2,structural maintenance of chromosomes 2-like 1 ,0.96,0.85
gi|4758950,NM_000942,PPIB,peptidylprolyl isomerase B precursor ,0.96,1.01
gi|16507237,NM_005347,HSPA5,heat shock 70kDa protein 5 ,0.96,1.08
gi|89038889,XM_938779,-,PREDICTED: similar to chromobox homolog 3 ,0.96,1.14
gi|4507873,NM_003372,VBP1,von Hippel-Lindau binding protein 1 ,0.96,1.04
gi|4507855,NM_003481,USP5,Ubiquitin isopeptidase T ,0.96,0.96
gi|89031353,XM_928947,-,PREDICTED: similar to eukaryotic translation initiation factor 5A ,0.96,0.94
gi|34098946,NM_004559,YBX1,nuclease sensitive element binding protein 1 ,0.96,0.96
gi|45006986,NM_004757,SCYE1,"small inducible cytokine subfamily E, member 1 ",0.96,1.13
gi|86792661,NM_130443,DPP3,dipeptidyl peptidase III ,0.96,0.90
gi|5453629,NM_006400,DCTN2,dynactin 2 ,0.96,0.98
gi|21071058,NM_003601,SMARCA5,SWI/SNF-related matrix-associated actin-dependent regulator of chromatin a5 ,0.96,0.94
gi|5031599,NM_005731,ARPC2,actin related protein 2/3 complex subunit 2 ,0.96,1.12
gi|35493916,NM_002951,RPN2,ribophorin II precursor ,0.96,0.89
gi|41281521,NM_014865,CNAP1,chromosome condensation-related SMC-associated protein 1 ,0.96,1.13
gi|5453603,NM_006431,CCT2,"chaperonin containing TCP1, subunit 2 ",0.96,0.94
gi|48255891,NM_001001329,PRKCSH,protein kinase C substrate 80K-H isoform 2 ,0.96,1.08
gi|4826734,NM_004960,FUS,fusion (involved in t(12;16) in malignant liposarcoma) isoform a ,0.96,0.98
gi|4502709,NM_001786,CDC2,cell division cycle 2 protein isoform 1 ,0.96,1.18
gi|50428938,NM_004317,ASNA1,"arsA arsenite transporter, ATP-binding, homolog 1 ",0.96,0.96
gi|93141020,NM_001040158,H2AFY,"H2A histone family, member Y isoform 2 ",0.96,1.02
gi|24430160,NM_002806,PSMC6,proteasome 26S ATPase subunit 6 ,0.96,0.88
gi|19923784,NM_006713,SUB1,activated RNA polymerase II transcription cofactor 4 ,0.96,0.92
gi|4506725,NM_001007,RPS4X,"ribosomal protein S4, X-linked X isoform ",0.96,0.99
gi|4759034,NM_004730,ETF1,eukaryotic translation termination factor 1 ,0.96,0.92
gi|110611220,NM_004587,RRBP1,ribosome binding protein 1 ,0.96,0.95
gi|50592996,NM_006086,TUBB3,"tubulin, beta, 4 ",0.96,1.11
gi|4758012,NM_004859,CLTC,clathrin heavy chain 1 ,0.96,0.96
gi|9951915,NM_000687,AHCY,S-adenosylhomocysteine hydrolase ,0.95,0.91
gi|45359849,NM_203505,G3BP2,Ras-GTPase activating protein SH3 domain-binding protein 2 isoform a ,0.95,1.05
gi|4506201,NM_002797,PSMB5,proteasome beta 5 subunit ,0.95,1.17
gi|4885539,NM_005389,PCMT1,protein-L-isoaspartate (D-aspartate) O-methyltransferase ,0.95,1.17
gi|4506891,NM_003011,SET,SET translocation (myeloid leukemia-associated) ,0.95,1.02
gi|33413400,NM_001984,ESD,esterase D/formylglutathione hydrolase ,0.95,0.98
gi|5453990,NM_006263,PSME1,proteasome activator subunit 1 isoform 1 ,0.95,1.00
gi|4758762,NM_004539,NARS,asparaginyl-tRNA synthetase ,0.95,0.97
gi|116063573,NM_001456,FLNA,"filamin A, alpha ",0.95,0.94
gi|76496472,NM_001033853,RPL3,ribosomal protein L3 isoform b ,0.95,0.98
gi|13876386,NM_031308,EPPK1,epiplakin 1 ,0.95,0.85
gi|4503143,NM_001909,CTSD,cathepsin D preproprotein ,0.95,1.04
gi|88702975,NM_024535,CORO7,coronin 7 ,0.95,0.74
gi|29826294,NM_015530,GORASP2,golgi reassembly stacking protein 2 ,0.95,1.05
gi|19224660,NM_016223,PACSIN3,protein kinase C and casein kinase substrate in neurons 3 ,0.95,0.95
gi|118402586,NM_006708,GLO1,glyoxalase I ,0.95,0.88
gi|25777615,NM_002811,PSMD7,proteasome 26S non-ATPase subunit 7 ,0.95,1.07
gi|119395729,NM_000308,PPGB,cathepsin A precursor ,0.95,1.17
gi|4506619,NM_000986,RPL24,ribosomal protein L24 ,0.95,1.07
gi|45439327,NM_002705,PPL,periplakin ,0.95,0.96
gi|4505763,NM_000291,PGK1,phosphoglycerate kinase 1 ,0.95,0.97
gi|19923483,NM_016322,RAB14,GTPase Rab14 ,0.95,0.85
gi|40217847,NM_014014,ASCC3L1,activating signal cointegrator 1 complex subunit 3-like 1 ,0.95,0.97
gi|32454741,NM_001235,SERPINH1,"serine (or cysteine) proteinase inhibitor, clade H, member 1 precursor ",0.95,1.03
gi|10835049,NM_001664,RHOA,"ras homolog gene family, member A ",0.94,0.95
gi|66392203,NM_001018136,NME1-NME2,NME1-NME2 protein ,0.94,0.92
gi|15149476,NM_002887,RARS,arginyl-tRNA synthetase ,0.94,0.92
gi|20149594,NM_007355,HSP90AB1,"heat shock 90kDa protein 1, beta ",0.94,0.93
gi|13699868,NM_005956,MTHFD1,methylenetetrahydrofolate dehydrogenase 1 ,0.94,1.00
gi|4506209,NM_002803,PSMC2,proteasome 26S ATPase subunit 2 ,0.94,0.95
gi|24497435,NM_002805,PSMC5,proteasome 26S ATPase subunit 5 ,0.94,1.09
gi|4503483,NM_001961,EEF2,eukaryotic translation elongation factor 2 ,0.94,0.91
gi|4502281,NM_001679,ATP1B3,Na+/K+ -ATPase beta 3 subunit ,0.94,0.79
gi|5729875,NM_006667,PGRMC1,progesterone receptor membrane component 1 ,0.94,0.99
gi|57164977,NM_001008656,TCOF1,Treacher Collins-Franceschetti syndrome 1 isoform a ,0.94,1.00
gi|29789090,NM_018715,RCC2,RCC1-like ,0.94,1.09
gi|48255931,NM_001001520,HDGF2,hepatoma-derived growth factor-related protein 2 isoform 1 ,0.94,1.11
gi|40254861,NM_014847,UBAP2L,ubiquitin associated protein 2-like ,0.94,0.97
gi|4506221,NM_002816,PSMD12,proteasome 26S non-ATPase subunit 12 ,0.94,1.02
gi|23308697,NM_003139,SRPR,signal recognition particle receptor ('docking protein') ,0.94,1.19
gi|5729877,NM_006597,HSPA8,heat shock 70kDa protein 8 isoform 1 ,0.94,0.92
gi|4506737,NM_003161,RPS6KB1,"ribosomal protein S6 kinase, 70kDa, polypeptide 1 ",0.94,1.10
gi|7657015,NM_014306,C22orf28,hypothetical protein LOC51493 ,0.94,0.94
gi|14141159,NM_021644,HNRNPH3,heterogeneous nuclear ribonucleoprotein H3 isoform b ,0.94,0.93
gi|4758638,NM_004905,PRDX6,peroxiredoxin 6 ,0.94,0.99
gi|11968182,NM_022551,RPS18,ribosomal protein S18 ,0.94,0.96
gi|5032093,NM_005628,SLC1A5,"solute carrier family 1 (neutral amino acid transporter), member 5 ",0.93,1.03
gi|33636738,NM_182948,PRKACB,cAMP-dependent protein kinase catalytic subunit beta isoform 1 ,0.93,0.80
gi|18105063,NM_007259,VPS45A,vacuolar protein sorting 45A ,0.93,0.81
gi|88900491,NM_198335,GANAB,alpha glucosidase II alpha subunit isoform 3 ,0.93,1.02
gi|38201623,NM_198241,EIF4G1,"eukaryotic translation initiation factor 4 gamma, 1 isoform 1 ",0.93,0.92
gi|4505185,NM_002415,MIF,macrophage migration inhibitory factor (glycosylation-inhibiting factor) ,0.93,0.95
gi|16306548,NM_006513,SARS,seryl-tRNA synthetase ,0.93,1.05
gi|23397427,NM_006372,SYNCRIP,"synaptotagmin binding, cytoplasmic RNA interacting protein ",0.93,1.02
gi|89040203,XM_929340,LOC653737,PREDICTED: similar to ribosomal protein L21 ,0.93,1.05
gi|5032161,NM_005648,TCEB1,elongin C ,0.93,1.00
gi|7705294,NM_016188,ACTL6B,actin-like 6B ,0.93,0.73
gi|46094014,NM_018094,GSPT2,peptide chain release factor 3 ,0.93,1.09
gi|5729953,NM_006600,NUDC,nuclear distribution gene C homolog ,0.93,0.96
gi|68303575,NM_001025105,CSNK1A1,"casein kinase 1, alpha 1 isoform 1 ",0.93,1.20
gi|40068518,NM_002631,PGD,phosphogluconate dehydrogenase ,0.93,1.08
gi|4504327,NM_000183,HADHB,"mitochondrial trifunctional protein, beta subunit precursor ",0.93,0.86
gi|4506609,NM_000981,RPL19,ribosomal protein L19 ,0.93,1.10
gi|31044432,NM_181336,LEMD2,LEM domain containing 2 ,0.93,0.92
gi|4502693,NM_001769,CD9,CD9 antigen ,0.93,1.01
gi|23503295,NM_001320,CSNK2B,"casein kinase 2, beta polypeptide ",0.93,0.99
gi|5802974,NM_006793,PRDX3,peroxiredoxin 3 isoform a precursor ,0.93,0.99
gi|68161541,NM_001024912,CEACAM1,carcinoembryonic antigen-related cell adhesion molecule 1 isoform 2 precursor ,0.92,0.97
gi|21361181,NM_000701,ATP1A1,Na+/K+ -ATPase alpha 1 subunit isoform a proprotein ,0.92,0.93
gi|38195089,NM_001536,PRMT1,HMT1 hnRNP methyltransferase-like 2 isoform 1 ,0.92,1.07
gi|17149828,NM_057175,NARG1,NMDA receptor regulated 1 ,0.92,0.94
gi|83367072,NM_001037283,EIF3B,"eukaryotic translation initiation factor 3, subunit 9 eta, 116kDa ",0.92,0.85
gi|4503507,NM_001415,EIF2S3,"eukaryotic translation initiation factor 2, subunit 3 gamma, 52kDa ",0.92,0.95
gi|117190254,NM_001077443,HNRNPC,heterogeneous nuclear ribonucleoprotein C isoform b ,0.92,1.00
gi|4503971,NM_001493,GDI1,GDP dissociation inhibitor 1 ,0.92,1.19
gi|21361144,NM_002804,PSMC3,proteasome 26S ATPase subunit 3 ,0.92,1.00
gi|5802966,NM_006870,DSTN,destrin isoform a ,0.92,0.96
gi|109389365,NM_000402,G6PD,glucose-6-phosphate dehydrogenase isoform a ,0.92,0.92
gi|12667788,NM_002473,MYH9,"myosin, heavy polypeptide 9, non-muscle ",0.92,0.90
gi|13775198,NM_031286,SH3BGRL3,SH3 domain binding glutamic acid-rich protein like 3 ,0.92,0.37
gi|4759140,NM_004252,SLC9A3R1,"solute carrier family 9 (sodium/hydrogen exchanger), isoform 3 regulator 1 ",0.92,0.97
gi|4502981,NM_001861,COX4I1,cytochrome c oxidase subunit IV isoform 1 precursor ,0.92,1.03
gi|7661914,NM_014814,PSMD6,"proteasome (prosome, macropain) 26S subunit, non-ATPase, 6 ",0.92,0.83
gi|88998868,XM_944104,-,PREDICTED: similar to ribosomal protein L15 isoform 4 ,0.92,1.01
gi|9966897,NM_020410,ATP13A1,ATPase type 13A1 ,0.92,0.84
gi|9910280,NM_020120,UGCGL1,UDP-glucose ceramide glucosyltransferase-like 1 isoform 1 ,0.92,0.95
gi|4826770,NM_004969,IDE,insulysin ,0.91,0.91
gi|4503727,NM_002013,FKBP3,FK506-binding protein 3 ,0.91,1.04
gi|124494254,NM_006191,PA2G4,ErbB3-binding protein 1 ,0.91,0.97
gi|5453710,NM_006148,LASP1,LIM and SH3 protein 1 ,0.91,0.95
gi|5803187,NM_006755,TALDO1,transaldolase 1 ,0.91,1.01
gi|18644734,NM_030877,CTNNBL1,beta catenin-like 1 ,0.91,1.18
gi|4503571,NM_001428,ENO1,enolase 1 ,0.91,1.00
gi|4506679,NM_001014,RPS10,ribosomal protein S10 ,0.91,1.06
gi|95113651,NM_006541,TXNL2,thioredoxin-like ,0.91,1.05
gi|71773010,NM_001030007,AP1G1,"adaptor-related protein complex 1, gamma 1 subunit isoform a ",0.91,0.96
gi|4885431,NM_005346,HSPA1B,heat shock 70kDa protein 1B ,0.91,0.93
gi|24234699,NM_002276,KRT19,keratin 19 ,0.91,1.03
gi|14043022,NM_004990,MARS,methionine-tRNA synthetase ,0.91,0.63
gi|4506193,NM_002793,PSMB1,proteasome beta 1 subunit ,0.91,0.98
gi|66737374,NM_001024213,S100A13,S100 calcium binding protein A13 ,0.91,1.00
gi|4506711,NM_001030,RPS27,ribosomal protein S27 ,0.90,0.93
gi|4503481,NM_001404,EEF1G,eukaryotic translation elongation factor 1 gamma ,0.90,0.90
gi|4503607,NM_000126,ETFA,"electron transfer flavoprotein, alpha polypeptide ",0.90,0.99
gi|8393516,NM_015922,NSDHL,NAD(P) dependent steroid dehydrogenase-like ,0.90,1.10
gi|6005721,NM_007175,SPFH2,"SPFH domain family, member 2 isoform 1 ",0.90,1.07
gi|5453832,NM_006389,HYOU1,oxygen regulated protein precursor ,0.90,0.98
gi|21361399,NM_014225,PPP2R1A,"alpha isoform of regulatory subunit A, protein phosphatase 2 ",0.90,0.94
gi|118572613,NM_016333,SRRM2,splicing coactivator subunit SRm300 ,0.90,1.02
gi|14141152,NM_005968,HNRPM,heterogeneous nuclear ribonucleoprotein M isoform a ,0.90,1.00
gi|20070197,NM_005216,DDOST,dolichyl-diphosphooligosaccharide-protein glycosyltransferase precursor ,0.90,1.01
gi|86991440,NM_006925,SFRS5,"splicing factor, arginine/serine-rich 5 ",0.90,1.11
gi|16445421,NM_052837,SCAMP3,secretory carrier membrane protein 3 isoform 2 ,0.90,0.83
gi|4503521,NM_001568,EIF3S6,"eukaryotic translation initiation factor 3, subunit 6 48kDa ",0.90,0.98
gi|19920317,NM_006825,CKAP4,cytoskeleton-associated protein 4 ,0.90,1.14
gi|4758756,NM_004537,NAP1L1,nucleosome assembly protein 1-like 1 ,0.90,0.96
gi|66933016,NM_000884,IMPDH2,inosine monophosphate dehydrogenase 2 ,0.90,0.96
gi|31621305,NM_133259,LRPPRC,leucine-rich PPR motif-containing protein ,0.90,0.94
gi|7669492,NM_002046,GAPDH,glyceraldehyde-3-phosphate dehydrogenase ,0.90,0.88
gi|55749531,NM_006842,SF3B2,splicing factor 3B subunit 2 ,0.90,1.03
gi|42544159,NM_006644,HSPH1,heat shock 105kD ,0.90,0.86
gi|40254986,NM_032303,HSDL2,hydroxysteroid dehydrogenase like 2 ,0.90,0.80
gi|6005942,NM_007126,VCP,valosin-containing protein ,0.90,0.98
gi|21464101,NM_012479,YWHAG,"tyrosine 3-monooxygenase/tryptophan 5-monooxygenase activation protein, gamma polypeptide ",0.90,0.87
gi|4557888,NM_000224,KRT18,keratin 18 ,0.90,1.07
gi|23065552,NM_000849,GSTM3,glutathione S-transferase M3 ,0.90,0.91
gi|4505591,NM_002574,PRDX1,peroxiredoxin 1 ,0.89,0.98
gi|5031857,NM_005566,LDHA,lactate dehydrogenase A ,0.89,0.97
gi|41349456,NM_002726,PREP,prolyl endopeptidase ,0.89,0.89
gi|4504919,NM_002273,KRT8,keratin 8 ,0.89,1.06
gi|89060593,XM_939878,-,PREDICTED: similar to eukaryotic translation elongation factor 1 beta 2 ,0.89,0.97
gi|21359933,NM_020169,LXN,latexin ,0.89,0.95
gi|21361647,NM_006621,AHCYL1,S-adenosylhomocysteine hydrolase-like 1 ,0.89,0.94
gi|40806167,NM_199144,UBE2V1,ubiquitin-conjugating enzyme E2 variant 1 isoform a ,0.89,0.99
gi|7657347,NM_014342,MTCH2,mitochondrial carrier homolog 2 ,0.89,0.93
gi|113421227,XM_001128545,-,PREDICTED: similar to Far upstream element-binding protein 3 (FUSE-binding protein 3) ,0.89,1.08
gi|4758504,NM_004493,HADH2,hydroxysteroid (17-beta) dehydrogenase 10 isoform 1 ,0.89,1.00
gi|25777600,NM_002807,PSMD1,proteasome 26S non-ATPase subunit 1 ,0.89,0.76
gi|19913424,NM_001690,ATP6V1A,"ATPase, H+ transporting, lysosomal 70kD, V1 subunit A, isoform 1 ",0.89,1.03
gi|109452591,NM_003849,SUCLG1,"succinate-CoA ligase, GDP-forming, alpha subunit ",0.89,1.01
gi|61102725,NM_033551,LARP1,la related protein isoform 2 ,0.89,0.94
gi|116063554,NM_015954,DERA,deoxyribose-phosphate aldolase-like ,0.88,1.05
gi|5454064,NM_006328,RBM14,RNA binding motif protein 14 ,0.88,0.77
gi|14591909,NM_000969,RPL5,ribosomal protein L5 ,0.88,0.94
gi|60279268,NM_001012478,U2AF2,U2 (RNU2) small nuclear RNA auxiliary factor 2 isoform b ,0.88,1.12
gi|50659095,NM_004728,DDX21,DEAD (Asp-Glu-Ala-Asp) box polypeptide 21 ,0.88,0.93
gi|8922964,NM_018373,SYNJ2BP,synaptojanin 2 binding protein ,0.88,0.84
gi|113415225,XM_001129908,-,PREDICTED: similar to RuvB-like 1 (49-kDa TATA box-binding protein-interacting protein) (49 kDa TBP-interacting protein) (TIP49a) (Pontin 52) (Nuclear matrix protein 238) (NMP 238) (54 kDa erythrocyte cytosolic protein) (ECP-54) (TIP60-associated protein,0.88,1.04
gi|24119203,NM_153649,TPM3,tropomyosin 3 isoform 2 ,0.88,0.90
gi|48762932,NM_006585,CCT8,"chaperonin containing TCP1, subunit 8 (theta) ",0.88,0.95
gi|7661948,NM_014730,KIAA0152,hypothetical protein LOC9761 ,0.88,0.95
gi|7661920,NM_014740,DDX48,"eukaryotic translation initiation factor 4A, isoform 3 ",0.88,1.10
gi|41152056,NM_004247,EFTUD2,"U5 snRNP-specific protein, 116 kD ",0.88,1.02
gi|7657210,NM_014447,ARFIP1,ADP-ribosylation factor interacting protein 1 isoform 2 ,0.88,1.14
gi|4502601,NM_001236,CBR3,carbonyl reductase 3 ,0.88,0.87
gi|13375746,NM_024573,C6orf211,hypothetical protein LOC79624 ,0.88,0.89
gi|5174539,NM_005917,MDH1,cytosolic malate dehydrogenase ,0.88,0.87
gi|66933009,NM_001024382,HMBS,hydroxymethylbilane synthase isoform 2 ,0.88,1.08
gi|38455427,NM_006430,CCT4,"chaperonin containing TCP1, subunit 4 (delta) ",0.87,0.86
gi|4826972,NM_005105,RBM8A,RNA binding motif protein 8A ,0.87,0.91
gi|70167032,NM_015841,ADAR,"adenosine deaminase, RNA-specific isoform c ",0.87,0.94
gi|4505719,NM_003846,PEX11B,peroxisomal biogenesis factor 11B ,0.87,1.05
gi|14211889,NM_032574,LOC84661,dpy-30-like protein ,0.87,0.98
gi|68226422,NM_001024947,YIPF5,smooth muscle cell associated protein 5 ,0.87,0.62
gi|32484975,NM_006721,-,adenosine kinase isoform b ,0.87,1.09
gi|4503471,NM_001402,EEF1A1,eukaryotic translation elongation factor 1 alpha 1 ,0.87,0.84
gi|54633312,NM_012201,GLG1,golgi apparatus protein 1 ,0.87,1.01
gi|32483399,NM_002577,PAK2,p21-activated kinase 2 ,0.87,0.95
gi|8393159,NM_017422,CALML5,calmodulin-like skin protein ,0.87,0.83
gi|6679189,NM_007364,TMED3,transmembrane emp24 domain containing 3 ,0.87,0.90
gi|4503529,NM_001416,EIF4A1,eukaryotic translation initiation factor 4A isoform 1 ,0.87,0.92
gi|7705877,NM_016185,HN1,hematological and neurological expressed 1 isoform 1 ,0.87,1.14
gi|4826960,NM_005051,QARS,glutaminyl-tRNA synthetase ,0.87,0.81
gi|13569962,NM_030981,RAB1B,"RAB1B, member RAS oncogene family ",0.87,0.91
gi|4505641,NM_002592,PCNA,proliferating cell nuclear antigen ,0.87,1.10
gi|62460637,NM_024658,IPO4,importin 4 ,0.87,1.01
gi|4757768,NM_004309,ARHGDIA,Rho GDP dissociation inhibitor (GDI) alpha ,0.87,0.87
gi|63252898,NM_001018005,TPM1,tropomyosin 1 alpha chain isoform 1 ,0.86,1.11
gi|110349719,NM_133378,TTN,titin isoform N2-A ,0.86,1.01
gi|4502419,NM_000713,BLVRB,biliverdin reductase B (flavin reductase (NADPH)) ,0.86,0.84
gi|7705481,NM_016406,UFC1,Ufm1-conjugating enzyme 1 ,0.86,1.02
gi|4506623,NM_000988,RPL27,ribosomal protein L27 ,0.86,1.00
gi|22165364,NM_032478,MRPL38,mitochondrial ribosomal protein L38 ,0.86,0.95
gi|20149560,NM_004604,STX4,syntaxin 4A (placental) ,0.86,0.98
gi|4758272,NM_004436,ENSA,endosulfine alpha isoform 3 ,0.86,1.06
gi|4503513,NM_003757,EIF3S2,"eukaryotic translation initiation factor 3, subunit 2 beta, 36kDa ",0.86,1.00
gi|42734503,NM_203364,GPIAP1,membrane component chromosome 11 surface marker 1 isoform 2 ,0.85,0.90
gi|118600975,NM_007269,STXBP3,syntaxin binding protein 3 ,0.85,1.03
gi|74136552,NM_015154,MESDC2,mesoderm development candidate 2 ,0.85,1.02
gi|38327039,NM_002154,HSPA4,heat shock 70kDa protein 4 isoform a ,0.85,0.96
gi|120433593,NM_001079863,DBI,diazepam binding inhibitor isoform 2 ,0.85,0.99
gi|22749415,NM_152713,STT3A,integral membrane protein 1 ,0.85,1.02
gi|4507129,NM_003094,SNRPE,small nuclear ribonucleoprotein polypeptide E ,0.85,1.04
gi|61743942,NM_005470,ABI1,abl-interactor 1 isoform a ,0.85,1.13
gi|118600963,NM_198465,NRK,Nik related kinase ,0.85,0.92
gi|5803023,NM_006816,LMAN2,"lectin, mannose-binding 2 ",0.85,1.08
gi|17105394,NM_000984,RPL23A,ribosomal protein L23a ,0.85,1.13
gi|53692187,NM_001005386,ACTR2,actin-related protein 2 isoform a ,0.84,0.83
gi|7656991,NM_014325,CORO1C,"coronin, actin binding protein, 1C ",0.84,0.87
gi|52487191,NM_015051,TXNDC4,thioredoxin domain containing 4 (endoplasmic reticulum) ,0.84,0.86
gi|7661958,NM_014739,BCLAF1,BCL2-associated transcription factor 1 isoform 1 ,0.84,0.99
gi|4503131,NM_001904,CTNNB1,"catenin (cadherin-associated protein), beta 1, 88kDa ",0.84,1.13
gi|23110942,NM_002790,PSMA5,proteasome alpha 5 subunit ,0.84,1.00
gi|109637763,NM_001042442,CAST,calpastatin isoform h ,0.84,1.01
gi|4758690,NM_004735,LRRFIP1,leucine rich repeat (in FLII) interacting protein 1 ,0.84,0.91
gi|4758874,NM_004800,TM9SF2,transmembrane 9 superfamily member 2 ,0.84,0.97
gi|32483357,NM_021004,DHRS4,peroxisomal short-chain alcohol dehydrogenase ,0.84,1.06
gi|89035461,XM_928632,AK3L2,"PREDICTED: similar to Adenylate kinase isoenzyme 4, mitochondrial (Adenylate kinase 3-like 1) (ATP-AMP transphosphorylase) ",0.84,0.74
gi|42544174,NM_012145,DTYMK,deoxythymidylate kinase (thymidylate kinase) ,0.84,0.64
gi|4503509,NM_003750,EIF3S10,"eukaryotic translation initiation factor 3, subunit 10 theta, 150/170kDa ",0.83,1.02
gi|18543329,NM_002813,PSMD9,proteasome 26S non-ATPase subunit 9 ,0.83,0.76
gi|91199540,NM_000108,DLD,dihydrolipoamide dehydrogenase precursor ,0.83,0.89
gi|7706278,NM_015966,ERGIC3,serologically defined breast cancer antigen 84 isoform b ,0.83,1.14
gi|4507879,NM_003374,VDAC1,voltage-dependent anion channel 1 ,0.83,1.05
gi|8922331,NM_018048,FLJ10292,mago-nashi homolog 2 ,0.83,0.91
gi|18375505,NM_080649,APEX1,APEX nuclease ,0.83,1.03
gi|32171186,NM_005745,BCAP31,B-cell receptor-associated protein 31 ,0.83,1.05
gi|56117852,NM_001007553,CSDE1,upstream of NRAS isoform 1 ,0.83,0.96
gi|58530840,NM_004415,DSP,desmoplakin isoform I ,0.83,0.96
gi|93277122,NM_002896,RBM4,RNA binding motif protein 4 ,0.83,1.11
gi|15451907,NM_006310,NPEPPS,aminopeptidase puromycin sensitive ,0.83,1.06
gi|109240550,NM_001042414,PSPC1,paraspeckle protein 1 ,0.83,0.82
gi|4885049,NM_005159,ACTC,cardiac muscle alpha actin 1 proprotein ,0.83,0.88
gi|9910186,NM_020189,ENY2,enhancer of yellow 2 homolog ,0.83,1.05
gi|46852147,NM_018060,IARS2,mitochondrial isoleucine tRNA synthetase ,0.83,1.07
gi|41350333,NM_005993,TBCD,beta-tubulin cofactor D ,0.82,1.01
gi|67189069,NM_001018017,MUC1,mucin 1 isoform 3 precursor ,0.82,0.97
gi|47132595,NM_213611,SLC25A3,solute carrier family 25 member 3 isoform b precursor ,0.82,0.93
gi|113413194,XM_001130062,-,"PREDICTED: similar to Prostate, ovary, testis expressed protein on chromosome 2 ",0.82,0.95
gi|88948852,XM_941403,-,PREDICTED: similar to ribosomal protein S15a ,0.82,0.85
gi|6912238,NM_012094,PRDX5,"peroxiredoxin 5 precursor, isoform a ",0.82,0.98
gi|7706254,NM_015934,NOP5/NOP58,nucleolar protein NOP5/NOP58 ,0.81,1.08
gi|112382250,NM_003128,SPTBN1,"spectrin, beta, non-erythrocytic 1 isoform 1 ",0.81,0.83
gi|38679950,NM_000663,ABAT,4-aminobutyrate aminotransferase precursor ,0.81,0.95
gi|14916473,NM_033128,SCIN,scinderin ,0.81,1.15
gi|4758796,NM_004147,DRG1,developmentally regulated GTP binding protein 1 ,0.80,1.00
gi|24308039,NM_015323,KIAA0776,hypothetical protein LOC23376 ,0.80,1.14
gi|4505897,NM_002670,PLS1,plastin 1 ,0.80,0.86
gi|4505585,NM_002572,PAFAH1B2,"platelet-activating factor acetylhydrolase, isoform Ib, beta subunit 30kDa ",0.80,0.90
gi|29553970,NM_177925,H2AFJ,"H2A histone family, member J isoform 2 ",0.79,0.85
gi|13489083,NM_018312,SAPS3,"SAPS domain family, member 3 ",0.79,0.91
gi|16418397,NM_052886,MAL2,MAL2 proteolipid protein ,0.79,0.83
gi|33946291,NM_024830,AYTL2,acyltransferase like 2 ,0.79,0.34
gi|119943112,NM_001360,DHCR7,7-dehydrocholesterol reductase ,0.78,1.06
gi|117647226,NM_017819,RG9MTD1,RNA (guanine-9-) methyltransferase domain containing 1 ,0.78,0.96
gi|16117796,NM_033643,RPL36,ribosomal protein L36 ,0.78,0.89
gi|4506903,NM_003769,SFRS9,"splicing factor, arginine/serine-rich 9 ",0.78,1.19
gi|7705274,NM_016607,ARMCX3,"armadillo repeat containing, X-linked 3 ",0.78,0.90
gi|4758032,NM_004766,COPB2,"coatomer protein complex, subunit beta 2 (beta prime) ",0.78,0.99
gi|116734704,NM_182972,IRF2BP2,interferon regulatory factor 2 binding protein 2 isoform A ,0.78,0.99
gi|4506195,NM_002794,PSMB2,proteasome beta 2 subunit ,0.78,1.05
gi|54873624,NM_032025,EIF2A,eukaryotic translation initiation factor 2A ,0.78,1.03
gi|8922699,NM_018235,CNDP2,CNDP dipeptidase 2 (metallopeptidase M20 family) ,0.77,1.05
gi|32996709,NM_181836,TMED7,transmembrane emp24 protein transport domain containing 7 ,0.77,1.04
gi|4507709,NM_003313,TSTA3,tissue specific transplantation antigen P35B ,0.77,0.94
gi|42761474,NM_203329,CD59,CD59 antigen p18-20 ,0.77,0.90
gi|73486658,NM_002080,GOT2,aspartate aminotransferase 2 precursor ,0.76,1.11
gi|20070344,NM_025150,TARSL1,threonyl-tRNA synthetase-like 1 ,0.76,0.88
gi|4506695,NM_001022,RPS19,ribosomal protein S19 ,0.76,1.09
gi|6912280,NM_012111,AHSA1,"AHA1, activator of heat shock 90kDa protein ATPase homolog 1 ",0.76,0.85
gi|14251212,NM_007204,DDX20,DEAD (Asp-Glu-Ala-Asp) box polypeptide 20 ,0.75,0.90
gi|55770864,NM_005782,THOC4,THO complex 4 ,0.75,1.14
gi|41152506,NM_020440,PTGFRN,prostaglandin F2 receptor negative regulator ,0.75,1.11
gi|27735067,NM_173481,C19orf21,hypothetical protein LOC126353 ,0.75,1.20
gi|88703041,NM_152233,SNX6,sorting nexin 6 isoform b ,0.74,1.20
gi|28373194,NM_175573,ADRM1,adhesion regulating molecule 1 precursor ,0.74,0.82
gi|33519432,NM_003330,TXNRD1,thioredoxin reductase 1 ,0.74,0.76
gi|4826774,NM_005101,ISG15,"interferon, alpha-inducible protein (clone IFI-15K) ",0.74,0.74
gi|89039254,XM_938166,-,"PREDICTED: similar to Fatty acid-binding protein, epidermal (E-FABP) (Psoriasis-associated fatty acid-binding protein homolog) (PA-FABP) ",0.72,0.93
gi|31377744,NM_017802,HEATR2,HEAT repeat containing 2 ,0.71,0.96
gi|5730031,NM_005697,SCAMP2,secretory carrier membrane protein 2 ,0.70,0.83
gi|4502285,NM_001681,ATP2A2,"ATPase, Ca++ transporting, cardiac muscle, slow twitch 2 isoform 2 ",0.70,0.93
gi|33286442,NM_021946,BCORL1,BCL6 co-repressor-like 1 ,0.69,1.19
gi|4826649,NM_004927,MRPL49,mitochondrial ribosomal protein L49 ,0.69,1.11
gi|20070160,NM_003651,CSDA,cold shock domain protein A ,0.68,0.65
gi|4503685,NM_002004,FDPS,farnesyl diphosphate synthase ,0.68,0.76
gi|19923193,NM_003932,ST13,heat shock 70kD protein binding protein ,0.68,1.10
gi|125628636,NM_182507,LOC144501,keratin 80 isoform a ,0.67,0.71
gi|113412478,XM_001131332,LOC730144,"PREDICTED: similar to suppressor of initiator codon mutations, related sequence 1 ",0.65,1.15
gi|109715835,NM_022070,ABC1,hypothetical protein LOC63897 ,0.65,1.07
gi|48255968,NM_001001521,UGP2,UDP-glucose pyrophosphorylase 2 isoform b ,0.65,1.00
gi|119395760,NM_001079812,DIAPH1,diaphanous 1 isoform 2 ,0.64,0.88
gi|30410796,NM_176863,PSME3,proteasome activator subunit 3 isoform 2 ,0.61,1.09
gi|61835164,NM_001013438,FXR1,fragile X mental retardation-related protein 1 isoform b ,0.60,0.89
gi|62530384,NM_001919,DCI,dodecenoyl-Coenzyme A delta isomerase precursor ,0.55,0.75
gi|66363688,NM_001018160,NAE1,amyloid beta precursor protein-binding protein 1 isoform c ,0.53,1.12
gi|4507835,NM_000373,UMPS,uridine monophosphate synthase ,0.46,0.90
